email,domain_name,person_name,result_title,valid_email_only,email_type,amf_status,matching filters,first name,last name,email_2,job title,linkedin url,company,corporate website,source,order_id,date
will@flipcx.com,flipcx.com,Will Van Der Linde,Vice President of Transportation,will@flipcx.com,valid,ok,true,Will,Van der linde,,Vice President of Transportation,https://www.linkedin.com/in/william-van-der-linde,Flip CX,https://flipcx.com/,amf,112954,2026-07-13
gregoire.mercier@octopuscommunity.com,octopuscommunity.com,Gregoire Mercier,Founder / ceo,gregoire.mercier@octopuscommunity.com,valid,ok,true,Gregoire,Mercier ags berlin,,Founder / CEO,https://www.linkedin.com/in/gregoiremercier,Octopus Community,,amf,112954,2026-07-13
steve@lorikeetcx.ai,lorikeetcx.ai,Steve Hind,Co-Founder,steve@lorikeetcx.ai,valid,ok,true,Steve,Hind,,Co-Founder,https://www.linkedin.com/in/shind,Lorikeet,https://www.lorikeetcx.ai,amf,112954,2026-07-13
kevin.wu@leapingai.com,leapingai.com,Kevin Wu,Co-Founder and CEO,kevin.wu@leapingai.com,valid,ok,true,Kevin,Wu,,Co-Founder and CEO,https://www.linkedin.com/in/kevin-wu-452a6393,Leaping AI (YC W25),https://leapingai.com/?utm_source=linkedin&utm_medium=public_profile&utm_campaign=public_brand&utm_content=profile_link,amf,112954,2026-07-13
alexm@intryc.com,intryc.com,Alex Marantelos,Co-Founder & CEO,alexm@intryc.com,valid,ok,true,Alex,Marantelos,,Co-Founder & CEO,https://www.linkedin.com/in/alexmarantelos,Intryc (YC S24),www.intryc.com,amf,112954,2026-07-13
neal.lathia@gradient-labs.ai,gradient-labs.ai,Neal Lathia,Co-Founder & CTO,neal.lathia@gradient-labs.ai,valid,ok,true,Neal,Lathia,,Co-Founder & CTO,https://www.linkedin.com/in/nlathia,Gradient Labs AI,http://www.gradient-labs.ai,amf,112954,2026-07-13
seth@embrace.ai,embrace.ai,Seth Halpern,"Co-Founder, Co-CEO",seth@embrace.ai,valid,ok,true,Seth,Halpern,,"Co-Founder, Co-CEO",https://www.linkedin.com/in/sethhalpern,Embrace.ai,https://embrace.ai/,amf,112954,2026-07-13
george@intryc.com,intryc.com,George Pastakas,Co-founder & CPO,george@intryc.com,valid,ok,true,George,Pastakas,,Co-founder & CPO,https://www.linkedin.com/in/georgepastakas,Intryc (YC S24),www.intryc.com,amf,112954,2026-07-13
nimrod@callers.ai,callers.ai,Nimrod Ron,Co-Founder & CEO,nimrod@callers.ai,valid,ok,true,Nimrod,Ron,,Co-Founder & CEO,https://www.linkedin.com/in/nimrod-ron,Callers,https://www.callers.ai/,amf,112954,2026-07-13
nipun@bridgesuite.ai,bridgesuite.ai,Nipun Dixit,Founder & ceo,nipun@bridgesuite.ai,valid,ok,true,Nipun,Dixit,,Founder & CEO,https://www.linkedin.com/in/nipun-dixit-828ba982,Bridge Suite,http://www.bridgesuite.ai/,amf,112954,2026-07-13
chris@superfiliate.com,superfiliate.com,Chris Kontes,Seed Investor,chris@superfiliate.com,valid,ok,true,Chris,Kontes,,Seed Investor,https://www.linkedin.com/in/kontes,Superfiliate,https://www.superfiliate.com/?utm_source=linkedin&utm_medium=organic_social&utm_campaign=general_sf-linkedin,amf,112954,2026-07-13
shahar.chen@aquant.ai,aquant.ai,Shahar Chen,Ceo & co-founder,shahar.chen@aquant.ai,valid,ok,true,Shahar,Chen,,CEO & Co-Founder,https://www.linkedin.com/in/shaharchen,Aquant,http://www.aquant.ai,amf,112954,2026-07-13
cwiklund@unitq.com,unitq.com,Christian Wiklund,Founder & ceo,cwiklund@unitq.com,valid,ok,true,Christian,Wiklund,,Founder & CEO,https://www.linkedin.com/in/cwiklund,unitQ,https://www.unitq.com/,amf,112954,2026-07-13
caseyd@zenarate.com,zenarate.com,Casey Denby,"VP, Strategic Accounts & Partnerships",caseyd@zenarate.com,valid,ok,true,Casey,Denby,,"VP, Strategic Accounts & Partnerships",https://www.linkedin.com/in/caseydenby,Zenarate,http://zenarate.com,amf,112954,2026-07-13
isaac@handmade.vc,handmade.vc,Isaac Babbs,Sell-side M&A Advisor for AI/SaaS/Software Companies,isaac@handmade.vc,valid,ok,true,Isaac,Babbs,,Founder and CEO,https://www.linkedin.com/in/isaacbabbs,Handmade Ventures,http://www.handmade.vc,amf,112954,2026-07-13
sohrab@aloware.com,aloware.com,Sohrab Sheikhani,Director of Engineering,sohrab@aloware.com,valid,ok,true,Sohrab,Sheikhani,,Director of Engineering,https://www.linkedin.com/in/sohrabz,Aloware,https://www.aloware.com,amf,112954,2026-07-13
tapan@bubba.ai,bubba.ai,Tapan Chaudhari,Founder CEO,tapan@bubba.ai,valid,ok,true,Tapan,Chaudhari,,Founder CEO,https://www.linkedin.com/in/ctapan,Hey Bubba,https://Bubba.ai,amf,112954,2026-07-13
justin.diamond@birdie.ai,birdie.ai,Justin Diamond,Account Executive,justin.diamond@birdie.ai,valid,ok,true,Justin,Diamond,,Account Executive,https://www.linkedin.com/in/justin-diamond-7b458a105,Birdie AI,https://birdie.ai/,amf,112954,2026-07-13
anand.das@bito.ai,bito.ai,Anand Das,Co-Founder and CTO,anand.das@bito.ai,valid,ok,true,Anand,Das,,Co-Founder and CTO,https://www.linkedin.com/in/ananddas,Bito,https://bito.ai/,amf,112954,2026-07-13
skot@useonward.com,useonward.com,Skot Carruth,Product Designer + Returns Product Owner,skot@useonward.com,valid,ok,true,Skot,Carruth,,Product Designer + Returns Product Owner,https://www.linkedin.com/in/skotcarruth,Onward,http://www.useonward.com,amf,112954,2026-07-13
dalton.vanhatcher@konghq.com,konghq.com,Dalton Van Hatcher,Strategic Sales,dalton.vanhatcher@konghq.com,valid,ok,true,Dalton,Van hatcher,,Strategic Sales - AI Connectivity + MCP Governance,https://www.linkedin.com/in/daltonvanhatcher,Kong Inc.,https://konghq.com/company/contact-us,amf,112954,2026-07-13
indresh.ms@aquant.ai,aquant.ai,Indresh Ms,"Vice president, product & technology labs",indresh.ms@aquant.ai,valid,ok,true,Indresh,Ms,,"Vice President, Product & Technology Labs",https://www.linkedin.com/in/indreshms,Aquant,http://www.aquant.ai,amf,112954,2026-07-13
cailen@vibescaling.ai,vibescaling.ai,Cailen Dsa,Supporting Founders & Execs from 0 to $100m+ in ARR | Placing Top 1% Talent at Top Companies,cailen@vibescaling.ai,valid,ok,true,Cailen,Dsa,,Supporting Founders & Execs from 0 to $100m+ in ARR | Placing Top 1% Talent at Top Companies,https://www.linkedin.com/in/cailen,Crew (fka vibescaling),https://www.withcrew.ai/,amf,112954,2026-07-13
craig.morrall@tuggerapp.com,tuggerapp.com,Craig Morrall,Co-Founder,craig.morrall@tuggerapp.com,valid,ok,true,Craig,Morrall,,Co-Founder,https://www.linkedin.com/in/craigmorrall1,Tugger,https://tuggerapp.com,amf,112954,2026-07-13
chris.morrall@tuggerapp.com,tuggerapp.com,Christopher Morrall,Co-Founder,chris.morrall@tuggerapp.com,valid,ok,true,Christopher,Morrall,,Co-Founder,https://www.linkedin.com/in/christopher-morrall-5482ba15,Tugger,https://tuggerapp.com,amf,112954,2026-07-13
perry@qwibie.com,qwibie.com,Perry Price,Founder & ceo,perry@qwibie.com,valid,ok,true,Perry,Price,,Founder & CEO,https://www.linkedin.com/in/perry-price-064681,"Qwibie, Inc.",,amf,112954,2026-07-13
shalin@happyfox.com,happyfox.com,Shalin Jain,CEO,shalin@happyfox.com,valid,ok,true,Shalin,Jain,,CEO,https://www.linkedin.com/in/shalinjain,HappyFox Inc.,https://www.happyfox.com,amf,112954,2026-07-13
dhimantb@irevomm.com,irevomm.com,Dhimant Bhayani,Founder & ceo,dhimantb@irevomm.com,valid,ok,true,Dhimant,Bhayani,,Founder & CEO,https://www.linkedin.com/in/dhimant-bhayani,"iRevo Multimedia, Inc.",https://irevomm.com/,amf,112954,2026-07-13
ercan@11sight.com,11sight.com,Ercan Gumus,Partner,ercan@11sight.com,valid,ok,true,Ercan,Gumus,,Co-Founder,https://www.linkedin.com/in/ercangumus,Cool Digital Solutions,http://www.letsbecool.com,amf,112954,2026-07-13
doug@riptidehq.com,riptidehq.com,Doug Marinaro,Ceo/co-founder,doug@riptidehq.com,valid,ok,true,Doug,Marinaro,,CEO/co-founder,https://www.linkedin.com/in/dougmarinaro,Riptide,http://www.riptidehq.com,amf,112954,2026-07-13
sv@axiompartners.vc,axiompartners.vc,Sandhya Venkatachalam,Founder,sv@axiompartners.vc,valid,ok,true,Sandhya,Venkatachalam,,Founder,https://www.linkedin.com/in/sandhyavenkatachalam,Axiom Partners,https://www.axiompartners.vc,amf,112954,2026-07-13
jacobc@ai2incubator.com,ai2incubator.com,Jacob Colker,Co-Founder and Managing Director,jacobc@ai2incubator.com,valid,ok,true,Jacob,Colker,,Co-Founder and Managing Director,https://www.linkedin.com/in/jacobcolker,AI House,https://www.aihouse.vc,amf,112954,2026-07-13
brian.snyder@aide.health,aide.health,Brian Snyder,Co-Founder,brian.snyder@aide.health,valid,ok,true,Brian,Snyder,,Co-Founder,https://www.linkedin.com/in/sfldn,Aide Health,http://www.aide.health,amf,112954,2026-07-13
naveen@cuber.ai,cuber.ai,Naveen Nimmu,CEO,naveen@cuber.ai,valid,ok,true,Naveen,Nimmu,,CEO,https://www.linkedin.com/in/naveennimmu,Cuber AI,https://www.cuber.ai/,amf,112954,2026-07-13
abhinav@peoplebox.ai,peoplebox.ai,Abhinav Chugh,Ceo,abhinav@peoplebox.ai,valid,ok,true,Abhinav,Chugh,,CEO,https://www.linkedin.com/in/abhinavchughh,Peoplebox,https://www.peoplebox.ai,amf,112954,2026-07-13
lt@ypo.org,ypo.org,Liviu Tanase,Member,lt@ypo.org,valid,ok,true,Liviu,Tanase,,CEO,https://www.linkedin.com/in/liviutanase,ZeroBounce.net,https://www.zerobounce.net,amf,112954,2026-07-13
dwarren@canaan.com,canaan.com,Dana Malman Warren,Venture partner,dwarren@canaan.com,valid,ok,true,Dana,Malman warren,,Venture Partner,https://www.linkedin.com/in/danamwarren,Canaan,http://www.canaan.com,amf,112954,2026-07-13
brian@gastronaut.earth,gastronaut.earth,Brian L. Lichorowic,Founder,brian@gastronaut.earth,valid,ok,true,Brian l.,Lichorowic,,Founder,https://www.linkedin.com/in/brian-l-lichorowic-0615a,Gastronaut In Space,http://www.gastronaut.earth,amf,112954,2026-07-13
ray.naeini@onvisource.com,onvisource.com,Ray Naeini,"CEO, Chairman",ray.naeini@onvisource.com,valid,ok,true,Ray,Naeini,,"CEO, Chairman",https://www.linkedin.com/in/ray-naeini-b5a0b013,"OnviSource, Inc., Omvix Group Inc., and EMERGE Global Inc.",,amf,112954,2026-07-13
hmann@alanna.ai,alanna.ai,Hoyt Mann,President & Co-Founder,hmann@alanna.ai,valid,ok,true,Hoyt,Mann,,President & Co-Founder,https://www.linkedin.com/in/hoytmann,Alanna.ai,https://www.Alanna.ai,amf,112954,2026-07-13
james@pump.co,pump.co,James Parry ️,Brand Ambassador,james@pump.co,valid,ok,true,James,Parry️,,Brand Ambassador,https://www.linkedin.com/in/jamesparry858,Pump.co,https://pump.co/,amf,112954,2026-07-13
michael@305.ventures,305.ventures,Michael Melikian,Co-founder / gp & managing partner,michael@305.ventures,valid,ok,true,Michael,Melikian,,Co-Founder / GP & Managing Partner,https://www.linkedin.com/in/michaelmelikian,305 Ventures LLC,https://www.305.ventures/,amf,112954,2026-07-13
andy@donsrv.com,donsrv.com,Andy Preikschat,CEO,andy@donsrv.com,valid,ok,true,Andy,Preikschat,,CEO,https://www.linkedin.com/in/edgebrook,Don's RV Center,http://donsrv.com,amf,112954,2026-07-13
patricia@fgv.br,fgv.br,Patrícia Osorio,Advisory Board Member,patricia@fgv.br,valid,ok,true,Patrícia,Osorio,,Co-Founder & CCO,https://www.linkedin.com/in/patriciaomg,Birdie,https://birdie.ai/,amf,112954,2026-07-13
daria@cosupport.ai,cosupport.ai,Daria Leshchenko,Co-founder,daria@cosupport.ai,valid,ok,true,Daria,Leshchenko,,"CEO, Partner",https://www.linkedin.com/in/darialeshchenko,SupportYourApp,https://linktr.ee/supportyourapp?utm_source=linkedin_linktree,amf,112954,2026-07-13
rob@botcopy.com,botcopy.com,Rob Lubow,Co-Founder | CMO | Chief of Creative & Strategy,rob@botcopy.com,valid,ok,true,Rob,Lubow,,Co-Founder | CMO | Chief of Creative & Strategy,https://www.linkedin.com/in/roblubow,Botcopy,https://botcopy.com,amf,112954,2026-07-13
helene.queriault@octopuscommunity.com,octopuscommunity.com,Helene Queriault,Co-founder & coo,helene.queriault@octopuscommunity.com,valid,ok,true,Helene,Queriault,,Co-founder & COO,https://www.linkedin.com/in/helene-queriault,Octopus Community,,amf,112954,2026-07-13
raul@kahoona.io,kahoona.io,Raul Cruz Bonilla,Advisor consultant | account executive,raul@kahoona.io,valid,ok,true,Raul,Cruz bonilla,,Founder & CEO | Chief Brand Officer | Interim Retail & Brand Transformation Leader,https://www.linkedin.com/in/raulcruzbonilla,Care Brand Management Paris,,amf,112954,2026-07-13
mike.goldstein@balto.ai,balto.ai,Michael Goldstein,President,mike.goldstein@balto.ai,valid,ok,true,Michael,Goldstein,,President,https://www.linkedin.com/in/michael-goldstein,Balto,https://balto.ai,amf,112954,2026-07-13
alex.h@smartsurvey.co.uk,smartsurvey.co.uk,Alex Henderson,Growth,alex.h@smartsurvey.co.uk,valid,ok,true,Alex,Henderson,,Growth,https://www.linkedin.com/in/alexhendo,SmartSurvey,http://www.smartsurvey.co.uk,amf,112954,2026-07-13
tapel@riversportokc.org,riversportokc.org,Tom Apel,Director,tapel@riversportokc.org,valid,ok,true,Tom,Apel,,Director,https://www.linkedin.com/in/tom-apel-b4b98437,RIVERSPORT Foundation,http://www.riversportokc.org/,amf,112954,2026-07-13
sanjay@debales.ai,debales.ai,Sanjay Parihar,Technology Advisor,sanjay@debales.ai,valid,ok,true,Sanjay,Parihar,,Co-Founder,https://www.linkedin.com/in/sanjayparihar01,Debales AI,https://debales.ai,amf,112954,2026-07-13
pullak@halozen.ai,halozen.ai,Pullak Mohanty,Founder & ceo,pullak@halozen.ai,valid,ok,true,Pullak,Mohanty,,Founder & CEO,https://www.linkedin.com/in/pullak-mohanty,Halozen.ai,https://www.halozen.ai,amf,112954,2026-07-13
leenadler@flipcx.com,flipcx.com,Lee Nadler,Chief Marketing Officer,leenadler@flipcx.com,valid,ok,true,Lee,Nadler,,Chief Marketing Officer,https://www.linkedin.com/in/leenadler,Flip,https://flipcx.com/,amf,112954,2026-07-13
tony.weisman@klaviyo.com,klaviyo.com,Tony Weisman,Member Board of Directors,tony.weisman@klaviyo.com,valid,ok,true,Tony,Weisman,,Member Board of Directors,https://www.linkedin.com/in/tonyweisman,MNTN,https://mountain.com/,amf,112954,2026-07-13
brifkin@teneighty.us,teneighty.us,Ben Rifkin,CEO and President,brifkin@teneighty.us,valid,ok,true,Ben,Rifkin,,CEO and President,https://www.linkedin.com/in/benrifkin,Ten Eighty Capital,http://www.teneighty.us,amf,112954,2026-07-13
pete@tracerlabs.com,tracerlabs.com,Pete Hayes,CEO & Founder,pete@tracerlabs.com,valid,ok,true,Pete,Hayes,,CEO & Founder,https://www.linkedin.com/in/peterbhayes,Tracer Labs,www.tracerlabs.com,amf,112954,2026-07-13
olivier.khatib@niood.com,niood.com,"Olivier Khatib, Frsa",Chief Technology Officer,olivier.khatib@niood.com,valid,ok,true,Olivier,"Khatib, frsa",,Founder & CEO,https://www.linkedin.com/in/olivierkhatib,T1U,https://t1u.ai,amf,112954,2026-07-13
abhi@voicing.ai,voicing.ai,Abhi Kumar,Founder,abhi@voicing.ai,valid,ok,true,Abhi,Kumar,,Founder,https://www.linkedin.com/in/kabhi,Voicing AI,https://www.voicing.ai/,amf,112954,2026-07-13
thomas@housecat.com,housecat.com,Thomas George,Founder and ceo,thomas@housecat.com,valid,ok,true,Thomas,George,,Founder and CEO,https://www.linkedin.com/in/thomas-alexander-george,Housecat,www.housecat.com,amf,112954,2026-07-13
mshuhumi@iconasset.com,iconasset.com,Munder Shuhumi,Advisory Board Member,mshuhumi@iconasset.com,valid,ok,true,Munder,Shuhumi,,Chief Executive Officer,https://www.linkedin.com/in/mshuhumi,Pearls Capital,www.pearlscapital.com,amf,112954,2026-07-13
jeromeb@uw.edu,uw.edu,Jérôme Benois,Investor,jeromeb@uw.edu,valid,ok,true,Jérôme,Benois,,Co-founder & CTO,https://www.linkedin.com/in/jeromebenois,FEEDAE,https://www.feedae.com/,amf,112954,2026-07-13
rich@vonkohnsearch.com,vonkohnsearch.com,Rich Rice,Chief commercial officer (cco),rich@vonkohnsearch.com,valid,ok,true,Rich,Rice,,Certified Personal Trainer,https://www.linkedin.com/in/richardricekmcventures,National Academy of Sports Medicine (NASM),http://www.nasm.org,amf,112954,2026-07-13
aarde@palomarr.com,palomarr.com,Aarde Cosseboom,CEO & Founder,aarde@palomarr.com,valid,ok,true,Aarde,Cosseboom,,CEO & Founder,https://www.linkedin.com/in/aarde-cosseboom,Palomarr,www.palomarr.com,amf,112954,2026-07-13
scott@forbescouncils.com,forbescouncils.com,Scott Burgess,Contributing Writer,scott@forbescouncils.com,valid,ok,true,Scott,Burgess,,Founder & CEO,https://www.linkedin.com/in/sdburgess,Continu,https://www.continu.com,amf,112954,2026-07-13
aerlikhman@eccentex.com,eccentex.com,Arkady Erlikhman,Eva product owner,aerlikhman@eccentex.com,valid,ok,true,Arkady,Erlikhman,,Founder & CEO,https://www.linkedin.com/in/arkadye,Monobot,https://monobot.ai,amf,112954,2026-07-13
dp@alterna.ca,alterna.ca,Don Peppers,Advisor,dp@alterna.ca,valid,ok,true,Don,Peppers,,Co-Founder,https://www.linkedin.com/in/donpeppers,CX Speakers LLC,http://cxspeakers.com,amf,112954,2026-07-13
noam@hear.ai,hear.ai,Noam Fine,Chief Executive Officer,noam@hear.ai,valid,ok,true,Noam,Fine,,Chief Executive Officer,https://www.linkedin.com/in/noamfine,Hear.ai,https://www.hear.ai,amf,112954,2026-07-13
cslee@allganize.ai,allganize.ai,Changsu Lee,Founder and CEO,cslee@allganize.ai,valid,ok,true,Changsu,Lee,,Founder and CEO,https://www.linkedin.com/in/changsulee,Allganize,https://www.allganize.ai,amf,112954,2026-07-13
keith@humanix.ai,humanix.ai,Keith Stewart,Founder and ceo,keith@humanix.ai,valid,ok,true,Keith,Stewart,,Founder and CEO,https://www.linkedin.com/in/keithrstewart,Humanix,https://www.humanix.ai,amf,112954,2026-07-13
vikrant@myautoiq.com,myautoiq.com,Vikrant Pathak,Co-founder and CEO,vikrant@myautoiq.com,valid,ok,true,Vikrant,Pathak,,Co-founder and CEO,https://www.linkedin.com/in/vikrantp,myautoIQ,https://www.myautoIQ.com,amf,112954,2026-07-13
norm@kodif.ai,kodif.ai,Norm Usenkanov,Co-Founder / CTO,norm@kodif.ai,valid,ok,true,Norm,Usenkanov,,Co-Founder / CTO,https://www.linkedin.com/in/usenkanov,Kodif,https://kodif.ai/,amf,112954,2026-07-13
jschwedelson@worldata.com,worldata.com,Jay Schwedelson,FOUNDER:  EVENTASTIC Conference - The World's Largest Event About Events,jschwedelson@worldata.com,valid,ok,true,Jay,Schwedelson,,"#1 Marketing Podcast in United States! (Source: Apple Podcasts) - Do This, Not That: For Marketers",https://www.linkedin.com/in/schwedelson,GURU Media Hub,http://www.GuruMediaHub.com,amf,112954,2026-07-13
zahmed@resemble.ai,resemble.ai,Zohaib Ahmed,Founder,zahmed@resemble.ai,valid,ok,true,Zohaib,Ahmed,,Founder,https://www.linkedin.com/in/ahmedzohaib,Resemble AI,https://www.resemble.ai/contact-us,amf,112954,2026-07-13
nate@lorikeetcx.ai,lorikeetcx.ai,Nathaniel Houghton,Head of sales - americas,nate@lorikeetcx.ai,valid,ok,true,Nathaniel,Houghton,,Head of Sales - Americas,https://www.linkedin.com/in/nathanielhoughton,Lorikeet,https://www.lorikeetcx.ai,amf,112954,2026-07-13
yasser.elsaid@chatbase.co,chatbase.co,Yasser Elsaid,CEO,yasser.elsaid@chatbase.co,valid,ok,true,Yasser,Elsaid,,CEO,https://www.linkedin.com/in/yasserelsaid,Chatbase,https://www.chatbase.co/,amf,112954,2026-07-13
paul.sorensen@partnerspersonnel.com,partnerspersonnel.com,Paul Sorensen,Chief Executive Officer,paul.sorensen@partnerspersonnel.com,valid,ok,true,Paul,Sorensen,,Board Member,https://www.linkedin.com/in/pauljs,Staffing Engine,http://staffingengine.ai/,amf,112954,2026-07-13
bartek.pucek@thinking.inc,thinking.inc,Bartek Pucek,Founder & ceo,bartek.pucek@thinking.inc,valid,ok,true,Bartek,Pucek,,Founder & CEO,https://www.linkedin.com/in/bartekpucek,The Thinking Company,https://thinking.inc,amf,112954,2026-07-13
brian@flipcx.com,flipcx.com,Brian Schiff,"Co-Founder, CEO",brian@flipcx.com,valid,ok,true,Brian,Schiff,,"Co-Founder, CEO",https://www.linkedin.com/in/bschiff,Flip,https://flipcx.com/,amf,112954,2026-07-13
jweber@softwaretoolbox.com,softwaretoolbox.com,John Weber,President & founder,jweber@softwaretoolbox.com,valid,ok,true,John,Weber,,President & Founder,https://www.linkedin.com/in/johnweber-cx-expert,Software Toolbox Inc.,https://softwaretoolbox.com,amf,112954,2026-07-13
grin.lord@mpathic.ai,mpathic.ai,Grin Lord,Founder - CEO,grin.lord@mpathic.ai,valid,ok,true,Grin,Lord,,Founder - CEO,https://www.linkedin.com/in/grinlord,mpathic,https://www.mpathic.ai,amf,112954,2026-07-13
raj.kiran@cohesity.com,cohesity.com,Raj Kiran,Senior Vice President - Global Technical Support & Digital Innovation,raj.kiran@cohesity.com,valid,ok,true,Raj,Kiran,,Senior Vice President - Digital Innovation & Technical Support,https://www.linkedin.com/in/rajkiran-rajhans,Cohesity,http://www.cohesity.com,amf,112954,2026-07-13
kirk.donohoe@heygrand.com,heygrand.com,Kirk Donohoe,Founder i ceo,kirk.donohoe@heygrand.com,valid,ok,true,Kirk,Donohoe,,Founder I CEO,https://www.linkedin.com/in/kirkdonohoe,Grand,https://heygrand.com/,amf,112954,2026-07-13
diane.dye@vitalityunlimited.org,vitalityunlimited.org,Dr. Diane Dye,Data manager,diane.dye@vitalityunlimited.org,valid,ok,true,Dr. diane,Dye,,Founder and Chief Consultant,https://www.linkedin.com/in/drdianedye,People Risk Consulting,www.peopleriskconsulting.com,amf,112954,2026-07-13
ryan@vai-consulting.com,vai-consulting.com,Ryan Van Hout,Managing Partner / Co- Founder,ryan@vai-consulting.com,valid,ok,true,Ryan,Van hout,,Managing Partner / Co- Founder,https://www.linkedin.com/in/ryan-van-hout-6a0b3328,VAi Consulting,www.vai-consulting.com,amf,112954,2026-07-13
emao@parakeethealth.com,parakeethealth.com,Eric Mao,Co-Founder & Chief Product Officer,emao@parakeethealth.com,valid,ok,true,Eric,Mao,,Co-Founder & Chief Product Officer,https://www.linkedin.com/in/maoeric1,Parakeet Health,parakeethealth.com,amf,112954,2026-07-13
jpark@parakeethealth.com,parakeethealth.com,Jung Park,Co-Founder & CEO,jpark@parakeethealth.com,valid,ok,true,Jung,Park,,Co-Founder & CEO,https://www.linkedin.com/in/jung-park,Parakeet Health,parakeethealth.com,amf,112954,2026-07-13
kgarff@chatsi.ai,chatsi.ai,Ken Garff,Founder / CEO,kgarff@chatsi.ai,valid,ok,true,Ken,Garff,,Founder / CEO,https://www.linkedin.com/in/kengarff,Chatsi,http://chatsi.ai,amf,112954,2026-07-13
greg.petro@firstinsight.com,firstinsight.com,Greg Petro,CEO,greg.petro@firstinsight.com,valid,ok,true,Greg,Petro,,CEO,https://www.linkedin.com/in/greg-petro-878912,"First Insight, Inc.",https://www.firstinsight.com/,amf,112954,2026-07-13
lander@novobi.com,novobi.com,Lander Coronado-garcia,COO,lander@novobi.com,valid,ok,true,Lander,Coronado-garcia,,Founder and Managing Partner,https://www.linkedin.com/in/landercg,Accipiter Advisors,http://www.accipiteradvisors.com,amf,112954,2026-07-13
brooke@conversioniq.ai,conversioniq.ai,Brooke Tremblay,Co-Founder,brooke@conversioniq.ai,valid,ok,true,Brooke,Tremblay,,Co-Founder,https://www.linkedin.com/in/brooketremblay,ConversionIQ.ai,https://www.conversioniq.ai/,amf,112954,2026-07-13
harish@ideaboxai.com,ideaboxai.com,Harish Raju,Founder & Co-CEO,harish@ideaboxai.com,valid,ok,true,Harish,Raju,,Founder & Co-CEO,https://www.linkedin.com/in/harish-govindaraju,IdeaboxAI,https://www.linkedin.com/redir/suspicious-page?url=https%3A%2F%2Fideaboxai%2ecom%2F,amf,112954,2026-07-13
john.blumenthal@volumez.com,volumez.com,John Blumenthal,Chief product officer,john.blumenthal@volumez.com,valid,ok,true,John,Blumenthal,,"Co-Founder, Investor",https://www.linkedin.com/in/jdblumenthal,Stealth Startup,http://stealthstartup.com,amf,112954,2026-07-13
bhale@alterian.com,alterian.com,Bob Hale,CEO,bhale@alterian.com,valid,ok,true,Bob,Hale,,CEO,https://www.linkedin.com/in/roberthale65,Alterian,http://www.alterian.com,amf,112954,2026-07-13
jason.tremblay@conversioniq.ai,conversioniq.ai,Jason Tremblay,Chief Executive Officer,jason.tremblay@conversioniq.ai,valid,ok,true,Jason,Tremblay,,Chief Executive Officer & Co-Founder,https://www.linkedin.com/in/jasontremblayceo,ConversionIQ.ai,https://www.conversioniq.ai/,amf,112954,2026-07-13
david.edoja@analyticsintelligence.com,analyticsintelligence.com,David Edoja,"Founder, CEO",david.edoja@analyticsintelligence.com,valid,ok,true,David,Edoja,,"Founder, CEO",https://www.linkedin.com/in/david-edoja,[AI] Analytics Intelligence,https://analyticsintelligence.com/,amf,112954,2026-07-13
dan@truckbase.com,truckbase.com,Dan Saper,Board Member,dan@truckbase.com,valid,ok,true,Dan,Saper,,Founder & CEO,https://www.linkedin.com/in/dansaper,Boundless Venture Co,http://www.bvco.co,amf,112954,2026-07-13
john.denning@scalable.care,scalable.care,John Denning,Co-founder and cto,john.denning@scalable.care,valid,ok,true,John,D.,,Co-Founder and CTO,https://www.linkedin.com/in/denning,Scalable Care,https://scalable.care,amf,112954,2026-07-13
ankit@trustevals.ai,trustevals.ai,Ankit Saxena,Builder / advisor,ankit@trustevals.ai,valid,ok,true,Ankit,Saxena,,Co-Founder & CEO,https://www.linkedin.com/in/ankitsaxena786,Thena,http://thena.ai,amf,112954,2026-07-13
thomas@zingtree.com,zingtree.com,Tom Mayes,COO & Co-Founder,thomas@zingtree.com,valid,ok,true,Tom,Mayes,,COO & Co-Founder,https://www.linkedin.com/in/tom-mayes-ab51b95,Zingtree,https://zingtree.com,amf,112954,2026-07-13
manji@resonateapp.com,resonateapp.com,Manjot(manji) Pal,"Founder, CEO",manji@resonateapp.com,valid,ok,true,Manjot(manji),Pal,,"Founder, CEO",https://www.linkedin.com/in/manjot-manji-pal,Resonate AI,https://resonateapp.com/,amf,112954,2026-07-13
balaji@tikasecurity.io,tikasecurity.io,Balaji Parimi,Founder & ceo,balaji@tikasecurity.io,valid,ok,true,Balaji,Parimi,,Founder & CEO,https://www.linkedin.com/in/balajiparimi,Tika Security,,amf,112954,2026-07-13
kumar@desk365.io,desk365.io,Kumar Krishnasami,Founder & ceo,kumar@desk365.io,valid,ok,true,Kumar,Krishnasami,,Founder & CEO,https://www.linkedin.com/in/kumarkrishnasami,Desk365,https://www.desk365.io/,amf,112954,2026-07-13
nick@useonward.com,useonward.com,Nick Giancola,Chief Technology Officer,nick@useonward.com,valid,ok,true,Nick,Giancola,,Chief Technology Officer,https://www.linkedin.com/in/nick-giancola-90a3399,Onward,http://www.useonward.com,amf,112954,2026-07-13
kirsten@tuckpoint.com,tuckpoint.com,Kirsten Hunter,Product Operations Consultant,kirsten@tuckpoint.com,valid,ok,true,Kirsten,Hunter,,CEO,https://www.linkedin.com/in/kirstenhunter,Team Up Power Up,http://teamuppowerup.com,amf,112954,2026-07-13
simon.butler@contivio.com,contivio.com,Simon Butler,Executive Chairman,simon.butler@contivio.com,valid,ok,true,Simon,Butler,,Executive Chairman & CEO,https://www.linkedin.com/in/simonbutler2,eOne Solutions,http://www.eonesolutions.com,amf,112954,2026-07-13
guy.assad@clerkie.io,clerkie.io,Guy Assad,Ceo,guy.assad@clerkie.io,valid,ok,true,Guy,A.,,CEO,https://www.linkedin.com/in/guy-a-0859382a,Clerkie,https://www.clerkie.io,amf,112954,2026-07-13
glenn.campbell@tourwriter.com,tourwriter.com,Glenn Campbell,Chief Executive Officer,glenn.campbell@tourwriter.com,valid,ok,true,Glenn,Campbell,,Chief Executive Officer,https://www.linkedin.com/in/glennjohncampbell,Tourwriter,https://www.tourwriter.com,amf,112954,2026-07-13
suzanne@conversioniq.ai,conversioniq.ai,Suzanne Mora,Co-Founder,suzanne@conversioniq.ai,valid,ok,true,Suzanne,Mora,,"Senior Vice President, Agency Operations",https://www.linkedin.com/in/suzannemora,ONE Agency,oneagency.com,amf,112954,2026-07-13
bobby@revmo.ai,revmo.ai,Bobby Beckmann,Founder and CTO,bobby@revmo.ai,valid,ok,true,Bobby,Beckmann,,Founder and CTO,https://www.linkedin.com/in/bobbybeckmann,Revmo AI,https://www.revmo.ai,amf,112954,2026-07-13
mdichter@gainsight.com,gainsight.com,Matt Dichter,Enterprise Account Executive,mdichter@gainsight.com,valid,ok,true,Matt,Dichter,,Enterprise Account Executive,https://www.linkedin.com/in/dichterm,Gainsight,https://www.gainsight.com,amf,112954,2026-07-13
dannacrawford@powersellingmom.com,powersellingmom.com,Danna Crawford,Ron - remote online notary,dannacrawford@powersellingmom.com,valid,ok,true,Danna,Crawford,,Head of AI Operations,https://www.linkedin.com/in/dannacrawford,Marblism,https://marblism.com,amf,112954,2026-07-13
carlos.espinosa@clientship.com,clientship.com,Carlos Espinosa,Founder - chief executive officer (ceo),carlos.espinosa@clientship.com,valid,ok,true,Carlos,E.,,Executive Chairman & Founder,https://www.linkedin.com/in/carlosespinosa,Clientship CX,http://www.clientship.com,amf,112954,2026-07-13
vazirani@dreamingcode.com,dreamingcode.com,Sarah Vazirani,Chief Executive Officer,vazirani@dreamingcode.com,valid,ok,true,Sarah,Vazirani,,Chief Executive Officer,https://www.linkedin.com/in/sarah-vazirani-3a3a273,Dreaming Code Inc.,http://www.dreamingcode.com,amf,112954,2026-07-13
ian.p@1047games.com,1047games.com,Ian Proulx,CEO/Cofounder,ian.p@1047games.com,valid,ok,true,Ian,Proulx,,CEO/Cofounder,https://www.linkedin.com/in/ianproulx,1047 Games,https://www.splitgate.com/1047,amf,112954,2026-07-13
nick@inkeep.com,inkeep.com,Nick Gomezc,Co-Founder // CEO,nick@inkeep.com,valid,ok,true,Nick,G.,,Co-Founder // CEO,https://www.linkedin.com/in/nickgomezc,Inkeep,https://go.inkeep.com/INK-LN-PROF,amf,112954,2026-07-13
kenny@limelightgrowth.com,limelightgrowth.com,Kenny Gary,CEO + Founding Partner,kenny@limelightgrowth.com,valid,ok,true,Kenny,Gary,,CEO + Founding Partner,https://www.linkedin.com/in/kengary,LIMELIGHT,www.limelightgrowth.com,amf,112954,2026-07-13
rebecca@regal.ai,regal.ai,Rebecca Greene,Co-Founder & CTO,rebecca@regal.ai,valid,ok,true,Rebecca,Greene,,Co-Founder & CTO,https://www.linkedin.com/in/rebecca-greene-31b98513,Regal.ai,https://www.regal.ai,amf,112954,2026-07-13
pete@wordnerds.ai,wordnerds.ai,Pete Daykin,Ceo & co-founder,pete@wordnerds.ai,valid,ok,true,Pete,Daykin,,CEO & Co-Founder,https://www.linkedin.com/in/pete-daykin,wordnerds,http://www.wordnerds.ai,amf,112954,2026-07-13
cole.hayward@asknicely.com,asknicely.com,Cole Hayward H.,Account Manager,cole.hayward@asknicely.com,valid,ok,true,Cole,H.,,Account Manager,https://www.linkedin.com/in/colemhayward,AskNicely,https://www.asknicely.com,amf,112954,2026-07-13
aaron@gethuckleberry.com,gethuckleberry.com,Aaron Ward,Co-founder & CEO,aaron@gethuckleberry.com,valid,ok,true,Aaron,Ward,,Co-founder & CEO,https://www.linkedin.com/in/aaronward,Huckleberry,gethuckleberry.com,amf,112954,2026-07-13
valerie@duckie.ai,duckie.ai,Valerie Li,Co-founder & CEO,valerie@duckie.ai,valid,ok,true,Valerie,Li,,Co-founder & CEO,https://www.linkedin.com/in/valerieli234,Duckie,https://duckie.ai/,amf,112954,2026-07-13
rohit.sharma@myautoiq.com,myautoiq.com,Rohit Sharma,Cto and co-founder,rohit.sharma@myautoiq.com,valid,ok,true,Rohit,Sharma,,CTO and Co-Founder,https://www.linkedin.com/in/rohit-j-sharma,myautoIQ - Driving Smarter Dealership Decisions,https://www.myautoIQ.com,amf,112954,2026-07-13
thomas.wieberneit@ephanti.com,ephanti.com,Thomas Wieberneit,"Member of the board of advisors, cpo",thomas.wieberneit@ephanti.com,valid,ok,true,Thomas,Wieberneit,,"Co-Founder, CEO, Principal",https://www.linkedin.com/in/thomaswieberneit,aheadCRM LLC,https://aheadcrm.blogspot.com,amf,112954,2026-07-13
federico@getpuppeteer.ai,getpuppeteer.ai,Federico Ruiz Cassarino,Founder,federico@getpuppeteer.ai,valid,ok,true,Federico,Ruiz cassarino,,Founder,https://www.linkedin.com/in/federico-ruiz-cassarino-3ba67a186,Puppeteer AI,https://puppeteerai.com/,amf,112954,2026-07-13
arua@botsplash.com,botsplash.com,Aru Anavekar,Founder & ceo,arua@botsplash.com,valid,ok,true,Aru,Anavekar,,Founder & CEO,https://www.linkedin.com/in/aru-anavekar-785b1010,Botsplash,https://www.botsplash.com,amf,112954,2026-07-13
zeke@swellcx.com,swellcx.com,Zeke Kuch,CEO / CoFounder,zeke@swellcx.com,valid,ok,true,Zeke,Kuch,,CEO / CoFounder,https://www.linkedin.com/in/zekek,Swell,http://www.swellcx.com,amf,112954,2026-07-13
hcw@acaitravel.com,acaitravel.com,Henry Chen Weinstein,"Co-founder, Investor & Chairman",hcw@acaitravel.com,valid,ok,true,Henry chen,Weinstein,,"CEO @ Avolta NEXT, Building the Group Tech Innovation & Ventures",https://www.linkedin.com/in/henrychenweinstein,Avolta,http://www.avoltaworld.com,amf,112954,2026-07-13
etie.hertz@contentsquare.com,contentsquare.com,Etie Hertz,"Gm, conversation intelligence",etie.hertz@contentsquare.com,valid,ok,true,Etie,Hertz,,"GM, Conversation Intelligence",https://www.linkedin.com/in/etiehertz,Contentsquare,,amf,112954,2026-07-13
sam@evomedicalsupplier.com,evomedicalsupplier.com,Sam Walton-troy,Co-Founder,sam@evomedicalsupplier.com,valid,ok,true,Sam,Walton-troy,,Co-Founder,https://www.linkedin.com/in/sam-walton-troy-691a2660,Evolution Medical Supplier LLC,,amf,112954,2026-07-13
gonzalo.martinezdeazagra@cardumencapital.com,cardumencapital.com,Gonzalo Martínez De Azagra,Founder and General Partner,gonzalo.martinezdeazagra@cardumencapital.com,valid,ok,true,Gonzalo,Martínez de azagra,,Founder and General Partner,https://www.linkedin.com/in/gonzalomartinezdeazagra,"Cardumen Capital SGEIC, S.A.",http://www.cardumencapital.com,amf,112954,2026-07-13
alyona@getthematic.com,getthematic.com,"Alyona Medelyan, Phd",Co-Founder and CEO,alyona@getthematic.com,valid,ok,true,Alyona,"Medelyan, phd",,Co-Founder and CEO,https://www.linkedin.com/in/medelyan,Thematic,https://www.getthematic.com,amf,112954,2026-07-13
guy@the5eyes.com,the5eyes.com,Guy Poreh,Managing Partner,guy@the5eyes.com,valid,ok,true,Guy,Poreh,,Co-Founder,https://www.linkedin.com/in/guyporeh,Boardstream AI,https://www.boardstream.ai/,amf,112954,2026-07-13
joan@getmint.ai,getmint.ai,Joan Burkovic,Co-Founder,joan@getmint.ai,valid,ok,true,Joan,Burkovic,,Co-Founder,https://www.linkedin.com/in/joanburkovic,GetMint,https://getmint.ai/,amf,112954,2026-07-13
jason.lawson@coralstarfish.com,coralstarfish.com,Jason Lawson,Growth and partnerships,jason.lawson@coralstarfish.com,valid,ok,true,Jason,Lawson,,Founder,https://www.linkedin.com/in/mrjasonlawson,B2B CoLabs,https://b2bcolabs.com/,amf,112954,2026-07-13
gideon@andrena.vc,andrena.vc,Gideon Valkin,Founder & Investor,gideon@andrena.vc,valid,ok,true,Gideon,Valkin,,Founder & Investor,https://www.linkedin.com/in/gideon-valkin-05a44823,Andrena Ventures,https://andrena.vc/,amf,112954,2026-07-13
lars.pedersen@beqom.com,beqom.com,Lars Dige Pedersen,CEO and Board Member,lars.pedersen@beqom.com,valid,ok,true,Lars,Dige pedersen,,CEO and Board Member,https://www.linkedin.com/in/larsdpedersen,beqom,https://www.beqom.com/,amf,112954,2026-07-13
mark.fosdike@datch.io,datch.io,Mark Fosdike,CEO,mark.fosdike@datch.io,valid,ok,true,Mark,Fosdike,,CEO,https://www.linkedin.com/in/markfosdike,Datch,https://www.datch.io,amf,112954,2026-07-13
mark.sweeny@de-novo-solutions.com,de-novo-solutions.com,Mark Sweeny,Founder & Group Chief Executive,mark.sweeny@de-novo-solutions.com,valid,ok,true,Mark,Sweeny,,Founder & Group Chief Executive,https://www.linkedin.com/in/marksweeny,de Novo Solutions,http://www.de-novo-solutions.com,amf,112954,2026-07-13
rohit.mathur@engagely.ai,engagely.ai,Rohit Mathur,CEO and Founder,rohit.mathur@engagely.ai,valid,ok,true,Rohit,Mathur,,CEO and Founder,https://www.linkedin.com/in/rohit-mathur-118366b6,Engagely.ai,https://www.engagely.ai/,amf,112954,2026-07-13
jay.tchakarov@allganize.ai,allganize.ai,Jay Tchakarov,Chief Executive Officer,jay.tchakarov@allganize.ai,valid,ok,true,Jay,Tchakarov,,Chief Executive Officer,https://www.linkedin.com/in/jtchakarov,Allganize,https://www.allganize.ai,amf,112954,2026-07-13
keith.williams@riptidehq.com,riptidehq.com,Keith Williams,Head of Growth,keith.williams@riptidehq.com,valid,ok,true,Keith,W.,,Co-Founder & CEO,https://www.linkedin.com/in/wincorganicgrowth,Winc Interactive,https://wincinteractive.com/,amf,112954,2026-07-13
snathaniel@uplandsoftware.com,uplandsoftware.com,Sean Nathaniel,Ceo & president (nasdaq: upld),snathaniel@uplandsoftware.com,valid,ok,true,Sean,Nathaniel,,CEO & President (NASDAQ: UPLD),https://www.linkedin.com/in/seannathaniel,Upland Software,http://www.uplandsoftware.com,amf,112954,2026-07-13
john@bespoken.io,bespoken.io,John Kelvie,Ceo and co-founder,john@bespoken.io,valid,ok,true,John,Kelvie,,CEO and Co-founder,https://www.linkedin.com/in/john-kelvie,Bespoken AI,https://bespoken.ai,amf,112954,2026-07-13
arnold.cobbaert@bluetweak.com,bluetweak.com,Arnold Cobbaert,"Owner, chairman",arnold.cobbaert@bluetweak.com,valid,ok,true,Arnold,Cobbaert,,"Owner, Chairman",https://www.linkedin.com/in/arnold-cobbaert-73b107,BlueTweak,https://bluetweak.com/,amf,112954,2026-07-13
smaruvada@workllama.com,workllama.com,Sudhakar Maruvada,Ceo and founder,smaruvada@workllama.com,valid,ok,true,Sudhakar,Maruvada,,CEO and Founder,https://www.linkedin.com/in/sudhakar-maruvada-8868142,"WorkLLama,LLC",,amf,112954,2026-07-13
dale.renner@redpointglobal.com,redpointglobal.com,Dale Renner,Founder/chief executive officer,dale.renner@redpointglobal.com,valid,ok,true,Dale,Renner,,Founder/Chief Executive Officer,https://www.linkedin.com/in/dale-renner,RedPoint Global Inc.,https://www.redpointglobal.com/,amf,112954,2026-07-13
yariv@kingfisherinvestment.com,kingfisherinvestment.com,Yariv Robinson,Co-Founder and Managing Partner,yariv@kingfisherinvestment.com,valid,ok,true,Yariv,Robinson,,Co-Founder and Managing Partner,https://www.linkedin.com/in/yarivrobinson,Kingfisher Investment Advisors,http://www.kingfisherinvestment.com,amf,112954,2026-07-13
briant@zenarate.com,zenarate.com,Brian Tuite,Ceo & co-founder,briant@zenarate.com,valid,ok,true,Brian,Tuite,,CEO & Co-Founder,https://www.linkedin.com/in/briantuite,Zenarate,http://zenarate.com,amf,112954,2026-07-13
rabg@zenafide.com,zenafide.com,Rab Govil,Executive chairman,rabg@zenafide.com,valid,ok,true,Rab,Govil,,Executive Chairman,https://www.linkedin.com/in/rabgovil,Zenafide,zenafide.com,amf,112954,2026-07-13
adam@credofoods.com,credofoods.com,Adam Zeplain,Advisor,adam@credofoods.com,valid,ok,true,Adam,Zeplain,,Co-Founder + Managing Partner,https://www.linkedin.com/in/adam-zeplain-81b29521,mark vc,http://markvc.com,amf,112954,2026-07-13
anaranjo@softwaretoolbox.com,softwaretoolbox.com,Andres Naranjo Villamizar,Chief executive officer,anaranjo@softwaretoolbox.com,valid,ok,true,Andres,Naranjo villamizar,,Chief Executive Officer,https://www.linkedin.com/in/andresnaranjo,Software Toolbox,https://softwaretoolbox.com,amf,112954,2026-07-13
kevan.rayden@azcare.ai,azcare.ai,Kevan Rayden,Business Development & Marketing Advisor,kevan.rayden@azcare.ai,valid,ok,true,Kevan,Rayden,,President and Co-Founder,https://www.linkedin.com/in/kevan-rayden-486b643,Swipemarket,http://www.swipemarket.com,amf,112954,2026-07-13
s.raman@utoronto.ca,utoronto.ca,Raman Sehgal,Onramp member (investor/entrepreneur),s.raman@utoronto.ca,valid,ok,true,Raman,Sehgal,,Founder & host,https://www.linkedin.com/in/ramansehgalus,Molecule to Market,https://www.moleculetomarketpod.com/,amf,112954,2026-07-13
meagan@capturingkairos.com,capturingkairos.com,Meagan Demenna,Marketing Executive | Founder,meagan@capturingkairos.com,valid,ok,true,Meagan,Demenna,,Fractional VP of Marketing,https://www.linkedin.com/in/socialmeagan,Revmo,https://www.revmo.ai,amf,112954,2026-07-13
assaf.melochna@aquant.ai,aquant.ai,Assaf Melochna,President & Co-Founder,assaf.melochna@aquant.ai,valid,ok,true,Assaf,Melochna,,President & Co-Founder,https://www.linkedin.com/in/assafmelochna,Aquant,http://www.aquant.ai,amf,112954,2026-07-13
jdeloche@invictusgrowth.com,invictusgrowth.com,John Deloche,Co-founder & managing partner,jdeloche@invictusgrowth.com,valid,ok,true,John,Deloche,,Co-Founder & Managing Partner,https://www.linkedin.com/in/johndeloche,Invictus Growth Partners,http://www.invictusgrowth.com,amf,112954,2026-07-13
ivan@few.sh,few.sh,Ivan Bercovich,Co-founder & researcher,ivan@few.sh,valid,ok,true,Ivan,Bercovich,,General Partner / Technical Director,https://www.linkedin.com/in/bercovich,ScOp Venture Capital,http://www.scopvc.com,amf,112954,2026-07-13
ajoshi@listopago.com,listopago.com,Adwait Joshi,Co-founder & chief technology officer,ajoshi@listopago.com,valid,ok,true,Adwait,Joshi,,Co-Founder & Chief Technology Officer,https://www.linkedin.com/in/aajoshi,Listo Pago,,amf,112954,2026-07-13
shashank@bakstage.ai,bakstage.ai,Shashank Singh,Founder & CEO,shashank@bakstage.ai,valid,ok,true,Shashank,Singh,,Founder & CEO,https://www.linkedin.com/in/shankybaba,Bakstage.AI,https://bakstage.ai,amf,112954,2026-07-13
stas.bichenko@recombine.ai,recombine.ai,Stas Bichenko,Chief Executive Officer,stas.bichenko@recombine.ai,valid,ok,true,Stas,Bichenko,,Chief Executive Officer,https://www.linkedin.com/in/stas-bichenko,Recombine AI,https://recombine.ai/,amf,112954,2026-07-13
andy.smy@inicio.ai,inicio.ai,Andy Smy,Co-founder and chief product officer,andy.smy@inicio.ai,valid,ok,true,Andy,Smy,,Co-founder and Chief Product Officer,https://www.linkedin.com/in/andysmy,Inicio AI,https://inicio.ai,amf,112954,2026-07-13
alex@cosupport.ai,cosupport.ai,Alex Khoroshchak,Chief Executive Officer,alex@cosupport.ai,valid,ok,true,Alex,K.,,Chief Executive Officer,https://www.linkedin.com/in/alex-khoroshchak,CoSupport.ai,https://cosupport.ai/?utm_source=linkedin&utm_medium=social,amf,112954,2026-07-13
sam@flipcx.com,flipcx.com,Sam Krut,"Co-Founder, CRO",sam@flipcx.com,valid,ok,true,Sam,Krut,,Co-Founder & President,https://www.linkedin.com/in/sam-krut,Flip,https://flipcx.com/,amf,112954,2026-07-13
ted.guggenheim@thepicklrfranchise.com,thepicklrfranchise.com,Ted Guggenheim,Owner / Operator,ted.guggenheim@thepicklrfranchise.com,valid,ok,true,Ted,Guggenheim,,Owner / Operator,https://www.linkedin.com/in/tedguggenheim,The Picklr Santa Barbara-Goleta,https://thepicklr.com/location/santa-barbara/,amf,112954,2026-07-13
gina@thnkforward.com,thnkforward.com,Gina Gibson,Chief Executive Officer,gina@thnkforward.com,valid,ok,true,Gina,Gibson,,Chief Executive Officer,https://www.linkedin.com/in/gina-gibson-a764b06,Think Forward,https://think-forward.co/,amf,112954,2026-07-13
mkarani@curately.ai,curately.ai,Manish Karani,Founder & ceo,mkarani@curately.ai,valid,ok,true,Manish,Karani,,Founder & CEO,https://www.linkedin.com/in/manishkarani,Curately.ai,https://www.curately.AI,amf,112954,2026-07-13
csublett@sublettconsulting.com,sublettconsulting.com,Christine Sublett,Chief Executive Officer,csublett@sublettconsulting.com,valid,ok,true,Christine,Sublett,,Chief Executive Officer,https://www.linkedin.com/in/csublett,"Sublett Consulting, LLC",https://www.sublettconsulting.com,amf,112954,2026-07-13
arthur@storylane.io,storylane.io,♜ Arthur Castillo,Head of Community and Customer Marketing,arthur@storylane.io,valid,ok,true,♜ arthur,Castillo,,Head of Community and Customer Marketing,https://www.linkedin.com/in/arthur-castillo,Storylane,https://storylane.io,amf,112954,2026-07-13
james@farill.io,farill.io,James Croft,Chief Technology Officer,james@farill.io,valid,ok,true,James,Croft,,Chief Technology Officer,https://www.linkedin.com/in/james-croft-developer,Farillio,http://farill.io/,amf,112954,2026-07-13
kpadmanabhan@curately.ai,curately.ai,Kartik Padmanabhan,Chief Technology Officer,kpadmanabhan@curately.ai,valid,ok,true,Kartik,Padmanabhan,,Chief Technology Officer,https://www.linkedin.com/in/kartikpadmanabhan,Curately.ai,https://www.curately.AI,amf,112954,2026-07-13
andy.frawley@data-axle.com,data-axle.com,Andrew Frawley,Chief Executive Officer,andy.frawley@data-axle.com,valid,ok,true,Andrew,Frawley,,Chief Executive Officer,https://www.linkedin.com/in/andyfrawley,Data Axle,https://www.data-axle.com/,amf,112954,2026-07-13
isheridan@vestigoventures.com,vestigoventures.com,Ian Sheridan,Co-Founder & Managing Partner,isheridan@vestigoventures.com,valid,ok,true,Ian,Sheridan,,Co-Founder & Managing Partner,https://www.linkedin.com/in/iansheridan1,Vestigo Ventures,http://www.vestigoventures.com/,amf,112954,2026-07-13
lgold@sutherlandgold.com,sutherlandgold.com,Lesley Gold,CEO,lgold@sutherlandgold.com,valid,ok,true,Lesley,Gold,,CEO,https://www.linkedin.com/in/lesleyellengold,SutherlandGold Group,http://sutherlandgold.com,amf,112954,2026-07-13
richard@anyreach.ai,anyreach.ai,Richard Lin,Ceo & co-founder,richard@anyreach.ai,valid,ok,true,Richard,L.,,CEO & Co-founder,https://www.linkedin.com/in/linrichard,Anyreach,https://anyreach.ai/,amf,112954,2026-07-13
james@founderspledge.com,founderspledge.com,James Jenkins-yates,Founding Pledger,james@founderspledge.com,valid,ok,true,James,Jenkins-yates,,Founder & CEO,https://www.linkedin.com/in/jamesjenkinsyates,Houst,http://www.houst.com/,amf,112954,2026-07-13
paul@logicdialog.ai,logicdialog.ai,Paul Shepherd,Founder,paul@logicdialog.ai,valid,ok,true,Paul,Shepherd,,Founder,https://www.linkedin.com/in/paulshepherd1975,logicdialog,https://logicdialog.ai,amf,112954,2026-07-13
scott@recourseai.com,recourseai.com,Scott Martin,CEO & Co-founder,scott@recourseai.com,valid,ok,true,Scott,Martin,,CEO & Co-founder,https://www.linkedin.com/in/dr-scott-martin,Re:course AI,http://recourseai.com,amf,112954,2026-07-13
sean@voc.ai,voc.ai,Sean Elias,Partnerships and Sales VOC.ai,sean@voc.ai,valid,ok,true,Sean,Elias,,Partnerships and Sales,https://www.linkedin.com/in/selias-affiliate-manager,Seller Systems,https://www.seller-systems.com/,amf,112954,2026-07-13
rajeev.singh@smartsheet.com,smartsheet.com,Rajeev Singh,Chief Executive Officer,rajeev.singh@smartsheet.com,valid,ok,true,Rajeev,Singh,,Chief Executive Officer,https://www.linkedin.com/in/rajeevsinghseattle,Smartsheet,https://www.smartsheet.com,amf,112954,2026-07-13
arunprasad@jugl.com,jugl.com,Arun Prasad Jaganathan,Chief Technology Officer,arunprasad@jugl.com,valid,ok,true,Arun prasad,Jaganathan,,Chief Technology Officer,https://www.linkedin.com/in/arunprasadj,Jugl,https://www.jugl.com/,amf,112954,2026-07-13
arunkumar@jugl.com,jugl.com,Arun Kumar,President & CEO,arunkumar@jugl.com,valid,ok,true,Arun,Kumar,,President & CEO,https://www.linkedin.com/in/arunponnu,Jugl,https://www.jugl.com/,amf,112954,2026-07-13
albert.scarasso@4toldfintech.com,4toldfintech.com,Albert Scarasso,Ceo,albert.scarasso@4toldfintech.com,valid,ok,true,Albert,Scarasso,,CEO,https://www.linkedin.com/in/albertscarasso,4Told FinTech,https://4toldfintech.com/,amf,112954,2026-07-13
alex@cephable.com,cephable.com,Alexander Dunn,Founder and ceo,alex@cephable.com,valid,ok,true,Alexander,Dunn,,Founder and CEO,https://www.linkedin.com/in/suavepirate,Cephable,https://cephable.com/,amf,112954,2026-07-13
mfrendo@newrelic.com,newrelic.com,Michael Frendo,Chief technology officer,mfrendo@newrelic.com,valid,ok,true,Michael,Frendo,,Chief Technology Officer,https://www.linkedin.com/in/michaelfrendo,New Relic,https://newrelic.com/,amf,112954,2026-07-13
rohit.anabheri@lotuspetal.ai,lotuspetal.ai,Rohit V Anabheri,Chief executive officer,rohit.anabheri@lotuspetal.ai,valid,ok,true,Rohit v,Anabheri,,Chief Executive Officer,https://www.linkedin.com/in/anabheri,LotusPetal.AI,https://lotuspetal.ai/,amf,112954,2026-07-13
ashok@wavity.com,wavity.com,Ashok R.,Founder & ceo,ashok@wavity.com,valid,ok,true,Ashok,R.,,Founder & CEO,https://www.linkedin.com/in/ashokanumandla,Wavity Inc.,https://www.wavity.ai/,amf,112954,2026-07-13
v.batchelder@goodlifesorted.com,goodlifesorted.com,Verity Batchelder,Cofounder & Advisor,v.batchelder@goodlifesorted.com,valid,ok,true,Verity,Batchelder,,Cofounder & Advisor,https://www.linkedin.com/in/verity-batchelder,Good Life Sorted,https://goodlifesorted.com/,amf,112954,2026-07-13
fdm@complexio.com,complexio.com,Freddie De Metz,Talent Acquisition Specialist (via Alto Talent),fdm@complexio.com,valid,ok,true,Freddie,De metz,,Talent Acquisition Specialist (via Alto Talent),https://www.linkedin.com/in/freddie-de-metz-a259145b,Complexio,https://complexio.com,amf,112954,2026-07-13
thaleia@skybound.vc,skybound.vc,Thaleia Misailidou,Founder & General Partner,thaleia@skybound.vc,valid,ok,true,Thaleia,Misailidou,,Founder & General Partner,https://www.linkedin.com/in/thaleiamisailidou,Skybound Venture Capital,https://skybound.vc/,amf,112954,2026-07-13
renaud.charvet@ringover.com,ringover.com,Renaud Charvet,Chief Executive Officer,renaud.charvet@ringover.com,valid,ok,true,Renaud,Charvet,,Chief Executive Officer,https://www.linkedin.com/in/renaud-charvet-809512124,Ringover North America,https://www.ringover.com/,amf,112954,2026-07-13
rafael@notch.cx,notch.cx,Rafael Broshi,Co-Founder & CEO,rafael@notch.cx,valid,ok,true,Rafael,Broshi,,Co-Founder & CEO,https://www.linkedin.com/in/rafael-broshi-435a77105,Notch,https://www.notch.cx,amf,112954,2026-07-13
jessica@oysterdata.com,oysterdata.com,Jessica Van Hatcher,GTM Advisor,jessica@oysterdata.com,valid,ok,true,Jessica,Van hatcher,,Co-Founder/CMO,https://www.linkedin.com/in/jessicav4,Hatchet Ventures,http://www.hatchetventures.com,amf,112954,2026-07-13
cw@structurely.com,structurely.com,Corey Welch,Chief Executive Officer,cw@structurely.com,valid,ok,true,Corey,Welch,,Chief Executive Officer,https://www.linkedin.com/in/corey-welch-,Structurely,http://www.structurely.com,amf,112954,2026-07-13
caroline.walton@inicio.ai,inicio.ai,Caroline Walton,Fraction Chief of Staff,caroline.walton@inicio.ai,valid,ok,true,Caroline,Walton,,Strategic Advisor to the CEO,https://www.linkedin.com/in/waltoncaroline,SuperTech WM,http://www.supertechwm.com,amf,112954,2026-07-13
jessica@supportlogic.com,supportlogic.com,Jessica Voss,Enterprise Sales,jessica@supportlogic.com,valid,ok,true,Jessica,Voss,,Enterprise Account Director,https://www.linkedin.com/in/jessicaguru,SupportLogic,http://supportlogic.com,amf,112954,2026-07-13
aymeric@quicktalk.com,quicktalk.com,Aymeric Van Bockstael,Co-Founder,aymeric@quicktalk.com,valid,ok,true,Aymeric,Van bockstael,,Co-Founder,https://www.linkedin.com/in/aymeric-van-bockstael-a1436915,Quicktalk,http://quicktalk.com,amf,112954,2026-07-13
ohadg@the5eyes.com,the5eyes.com,Ohad Gliksman,Managing Partner,ohadg@the5eyes.com,valid,ok,true,Ohad,Gliksman,,Co-founder,https://www.linkedin.com/in/ohadgliksman,Stealth,,amf,112954,2026-07-13
drew.phillips@contentstack.com,contentstack.com,Drew Phillips,Sr. Partner Relationship Manager - GSI,drew.phillips@contentstack.com,valid,ok,true,Drew,Phillips,,Principal Solutions Consultant,https://www.linkedin.com/in/drewjohnphillips,Typeface,https://www.typeface.ai,amf,112954,2026-07-13
daniel@flipcx.com,flipcx.com,Daniel M.,GTM,daniel@flipcx.com,valid,ok,true,Daniel,M.,,gtm,https://www.linkedin.com/in/dtxma,Flip,https://flipcx.com/,amf,112954,2026-07-13
rohan@getbluejay.ai,getbluejay.ai,Rohan Vasishth,CEO & Co-Founder,rohan@getbluejay.ai,valid,ok,true,Rohan,Vasishth,,CEO & Co-Founder,https://www.linkedin.com/in/rohanvas,Bluejay,https://getbluejay.ai/,amf,112954,2026-07-13
ibrahim@plexfeed.com,plexfeed.com,Ibrahim Fayed,Founder & ceo,ibrahim@plexfeed.com,valid,ok,true,Ibrahim,Fayed,,Chatbase Expert,https://www.linkedin.com/in/ibrahem-fayed,Chatbase,https://www.chatbase.co/,amf,112954,2026-07-13
hali@weya.ai,weya.ai,Hasan Ali Naqvi,Founder & CEO,hali@weya.ai,valid,ok,true,Hasan ali,Naqvi,,Founder & CEO,https://www.linkedin.com/in/learnmlwithhasan,Weya.ai,https://weya.ai,amf,112954,2026-07-13
nathanm@usc.edu,usc.edu,Nate Macleitch,"Mentor, usc mentor series",nathanm@usc.edu,valid,ok,true,Nate,Macleitch,,CEO,https://www.linkedin.com/in/nate-macleitch,QuickBlox,https://quickblox.com/,amf,112954,2026-07-13
jayesh.mori@rapidops.com,rapidops.com,Jayesh Mori,Chief executive officer,jayesh.mori@rapidops.com,valid,ok,true,Jayesh,Mori,,Chief Executive Officer,https://www.linkedin.com/in/jayeshmori,"RapidOps, Inc.",https://www.rapidops.com/,amf,112954,2026-07-13
david@callsimulator.com,callsimulator.com,David Lawson,Co-Founder & CEO,david@callsimulator.com,valid,ok,true,David,Lawson,,Co-Founder & CEO,https://www.linkedin.com/in/dlawson,Call Simulator,https://www.callsimulator.com/,amf,112954,2026-07-13
cathal.mcgloin@servisbot.com,servisbot.com,Cathal Mcgloin,Founder and ceo,cathal.mcgloin@servisbot.com,valid,ok,true,Cathal,Mcgloin,,Founder and CEO,https://www.linkedin.com/in/cathalmcgloin,ServisBOT,http://servisbot.com,amf,112954,2026-07-13
george@phoneiq.co,phoneiq.co,George Atallah,Chairman of the Board,george@phoneiq.co,valid,ok,true,George,Atallah,,Chairman of the Board,https://www.linkedin.com/in/george-atallah-9904b824,PhoneIQ,https://www.phoneiq.co/,amf,112954,2026-07-13
iwharton@aub.ac.uk,aub.ac.uk,Ian Wharton,Governor,iwharton@aub.ac.uk,valid,ok,true,Ian,Wharton,,Founder,https://www.linkedin.com/in/ianjwharton,Aide Health,http://www.aide.health,amf,112954,2026-07-13
rob@binarytobillions.com,binarytobillions.com,Rob Scott,Podcast host,rob@binarytobillions.com,valid,ok,true,Rob,Scott,,Founder/CEO,https://www.linkedin.com/in/iamrobscott,Today Digital,https://todaydigital.com,amf,112954,2026-07-13
greg@crowdigy.com,crowdigy.com,"Greg Gerik, Esq.",Founder,greg@crowdigy.com,valid,ok,true,Greg,"Gerik, esq.",,Founder - Founder & Executive Coaching,https://www.linkedin.com/in/ggerik,Pathony,https://pathony.com,amf,112954,2026-07-13
tonyc@amazon.com,amazon.com,Anthony Caccioppoli,Senior Solutions Architect - Advertising - PubTech,tonyc@amazon.com,valid,ok,true,Anthony,Caccioppoli,,Senior Solutions Architect - Advertising - PubTech,https://www.linkedin.com/in/anthony-caccioppoli-04854a23,Amazon,,amf,112954,2026-07-13
remus@localglobe.vc,localglobe.vc,Remus Brett,General partner,remus@localglobe.vc,valid,ok,true,Remus,Brett,,General Partner,https://www.linkedin.com/in/remus-brett-5245181,LocalGlobe,http://www.localglobe.vc,amf,112954,2026-07-13
casey.carlton@treeline.ai,treeline.ai,Casey Carlton,Founding Head of Technology Operations,casey.carlton@treeline.ai,valid,ok,true,Casey,C.,,Founding Head of Technology Operations,https://www.linkedin.com/in/carltoncasey,Treeline,https://www.treeline.ai/,amf,112954,2026-07-13
am@aifi.com,aifi.com,Anand Muralidaran,Advisor - Industry Leadership Council,am@aifi.com,valid,ok,true,Anand,Muralidaran,,Founder CEO. Mission: Make Retail Intelligent and Thrive,https://www.linkedin.com/in/anandmuralidaran,UnAbandon AI,https://www.unabandon.ai/,amf,112954,2026-07-13
iggy@charlieai.io,charlieai.io,Iggy Odighizuwa,Chief Executive Officer,iggy@charlieai.io,valid,ok,true,Iggy,Odighizuwa,,Chief Executive Officer,https://www.linkedin.com/in/iggy-odighizuwa,Charlieai.io,charlieai.io,amf,112954,2026-07-13
sain.sabu@talksandtalks.ai,talksandtalks.ai,Sain Sabu,Co-Founder | Chief Innovation & Digital Officer,sain.sabu@talksandtalks.ai,valid,ok,true,Sain,Sabu,,Co-Founder | Chief Innovation & Digital Officer,https://www.linkedin.com/in/sain-sabu-5b174061,Talks & Talks,https://talksandtalks.ai/,amf,112954,2026-07-13
noelle@aileadershipinstitute.com,aileadershipinstitute.com,Noelle R.,Chief executive officer,noelle@aileadershipinstitute.com,valid,ok,true,Noelle,R.,,Chief Executive Officer,https://www.linkedin.com/in/noelleai,AI Leadership Institute,http://skool.com/aili/about,amf,112954,2026-07-13
raj@bloomreach.com,bloomreach.com,Raj De Datta,Ceo and co-founder,raj@bloomreach.com,valid,ok,true,Raj,De datta,,CEO and Co-Founder,https://www.linkedin.com/in/rdedatta,Bloomreach,https://www.bloomreach.com/en,amf,112954,2026-07-13
vsinghania@soundhound.com,soundhound.com,Vishal Singhania,"VP, Product",vsinghania@soundhound.com,valid,ok,true,Vishal,Singhania,,"VP, Product",https://www.linkedin.com/in/vsinghania,SoundHound AI,http://www.soundhound.com,amf,112954,2026-07-13
johannes@combination.vc,combination.vc,Johannes Sass,Founding Partner,johannes@combination.vc,valid,ok,true,Johannes,Sass,,Founding Partner,https://www.linkedin.com/in/johannes-sass,Combination VC,,amf,112954,2026-07-13
eherrera@codelogicsoftware.com,codelogicsoftware.com,Esdras Herrera,Founder,eherrera@codelogicsoftware.com,valid,ok,true,Esdras,Herrera,,Co-Founder,https://www.linkedin.com/in/esdrasherrera,ConversionIQ.ai,https://www.conversioniq.ai/,amf,112954,2026-07-13
alee@parakeethealth.com,parakeethealth.com,Aaron Lee,Co-Founder & CTO,alee@parakeethealth.com,valid,ok,true,Aaron,Lee,,Co-Founder & CTO,https://www.linkedin.com/in/aaronslee,Parakeet Health,parakeethealth.com,amf,112954,2026-07-13
arnav.parihar@debales.ai,debales.ai,Arnav Parihar,Co-Founder,arnav.parihar@debales.ai,valid,ok,true,Arnav,Parihar,,Co-Founder,https://www.linkedin.com/in/arnavparihar,Debales AI,https://debales.ai,amf,112954,2026-07-13
chris.harris@valafy.com,valafy.com,Chris Harris,Founder,chris.harris@valafy.com,valid,ok,true,Chris,Harris,,Founder,https://www.linkedin.com/in/charris3,Collaborative Conveyancing,https://www.collaborativeconveyancing.co.uk,amf,112954,2026-07-13
veronica.armstrong@lapefarms.com,lapefarms.com,"Veronica C. Armstrong, Mba",Operations Consultant & Fractional COO,veronica.armstrong@lapefarms.com,valid,ok,true,Veronica c.,"Armstrong, mba",,Operations Consultant & CX Solutions Guru,https://www.linkedin.com/in/veronicacarmstrong,Cloud Tech Gurus,https://cloudtechgurus.com,amf,112954,2026-07-13
tony@humancloud.com,humancloud.com,Tony Buffum,"Co-Founder, Chief Strategy Officer",tony@humancloud.com,valid,ok,true,Tony,Buffum,,Fractional CHRO / Strategic HR Business Partner,https://www.linkedin.com/in/tony-buffum-hrexecutive,Horizon Five,https://www.horizon-five.com/,amf,112954,2026-07-13
fraser@tryvisapal.com,tryvisapal.com,Fraser Spivey,Founder,fraser@tryvisapal.com,valid,ok,true,Fraser,Spivey,,Founder,https://www.linkedin.com/in/fraser-spivey,VisaPal,TryVisaPal.com,amf,112954,2026-07-13
pratyush@acaitravel.com,acaitravel.com,Pavel Pratyush,"Co-Founder, CTO",pratyush@acaitravel.com,valid,ok,true,Pavel,Pratyush,,"Co-Founder, CTO",https://www.linkedin.com/in/pppb,Acai Travel,https://www.acaitravel.com/,amf,112954,2026-07-13
maryw@botcopy.com,botcopy.com,Mary Wetzel,Managing Director,maryw@botcopy.com,valid,ok,true,Mary,Wetzel,,Managing Director,https://www.linkedin.com/in/mary-wetzel-397b616,Botcopy,https://botcopy.com,amf,112954,2026-07-13
kyle@quipli.com,quipli.com,Kyle Clements,Founder & CEO,kyle@quipli.com,valid,ok,true,Kyle,Clements,,Founder & CEO,https://www.linkedin.com/in/kyle-clements-klc,Quipli,https://www.quipli.com,amf,112954,2026-07-13
abhishek.shah@testlify.com,testlify.com,Abhishek Shah,Founder & Chief Executive Officer,abhishek.shah@testlify.com,valid,ok,true,Abhishek,Shah,,Founder & Chief Executive Officer,https://www.linkedin.com/in/abhishekrshah,Testlify,https://testlify.com/?utm_source=LinkedIn&utm_medium=linkedin_profile&utm_campaign=social_traffic,amf,112954,2026-07-13
prasanna@petavue.com,petavue.com,Prasanna Venkatesan,"Founder, CEO",prasanna@petavue.com,valid,ok,true,Prasanna,Venkatesan,,"Founder, CEO",https://www.linkedin.com/in/prasannatl,Petavue,https://petavue.com,amf,112954,2026-07-13
lars@larsrinnan.ai,larsrinnan.ai,Lars Rinnan,"Podcast Host ""The World in 2029""",lars@larsrinnan.ai,valid,ok,true,Lars,Rinnan,,"Podcast Host ""The World in 2029""",https://www.linkedin.com/in/larsrinnan,NextBridge Group,https://www.larsrinnan.ai/en/home/,amf,112954,2026-07-13
eric.ludwig@redelk.co,redelk.co,Eric R. Ludwig,Co-Founder and Chief Business Officer,eric.ludwig@redelk.co,valid,ok,true,Eric r.,Ludwig,,"Board of Director, Investor, Part-Time CFO and Advisory Board Member",https://www.linkedin.com/in/ericludwig,Various Companies,,amf,112954,2026-07-13
nathan.childress@macorva.com,macorva.com,"Nathan Childress, Phd","Founder, Chair, CEO",nathan.childress@macorva.com,valid,ok,true,Nathan,"Childress, phd",,"Founder, Chair, CEO",https://www.linkedin.com/in/n-childress,Macorva,https://www.macorva.com/,amf,112954,2026-07-13
obaid@ringing.io,ringing.io,Obaid Ahmed,Founder,obaid@ringing.io,valid,ok,true,Obaid,Ahmed,,Founder,https://www.linkedin.com/in/obaid,Provision AI,https://provision.ai,amf,112954,2026-07-13
hongxia.zhong@valon.com,valon.com,Hongxia Zhong,VP of Engineering,hongxia.zhong@valon.com,valid,ok,true,Hongxia,Zhong,,VP of Engineering,https://www.linkedin.com/in/hongxiazhong,Valon,https://www.valon.ai/,amf,112954,2026-07-13
jay@bigphilanthropy.co,bigphilanthropy.co,Jay Goulart,Founder,jay@bigphilanthropy.co,valid,ok,true,Jay,Goulart,,Founder,https://www.linkedin.com/in/jaygoulart,Big Philanthropy,http://www.bigphilanthropy.co,amf,112954,2026-07-13
dona@epfl.ch,epfl.ch,Don Antonucci,Advisor,dona@epfl.ch,valid,ok,true,Don,Antonucci,,President and CEO,https://www.linkedin.com/in/dantonucci,Providence Health Plan,http://providencehealthplan.com,amf,112954,2026-07-13
justin.wirpel@flooringos.com,flooringos.com,Justin Wirpel,Chief executive officer,justin.wirpel@flooringos.com,valid,ok,true,Justin,Wirpel,,Chief Executive Officer,https://www.linkedin.com/in/justin-wirpel,Flooring OS,www.flooringos.com,amf,112954,2026-07-13
marcin@missioncocktails.com,missioncocktails.com,Marcin Malyszko,Co-Founder,marcin@missioncocktails.com,valid,ok,true,Marcin,Malyszko,,Co-Founder,https://www.linkedin.com/in/marcinmalyszko,Mission Craft Cocktails,www.missioncocktails.com,amf,112954,2026-07-13
unmukt@trustevals.ai,trustevals.ai,Unmukt Raizada,"Founder, ceo",unmukt@trustevals.ai,valid,ok,true,Unmukt,Raizada,,"Founder, CEO",https://www.linkedin.com/in/unmukt-raizada,TrustEvals.ai,https://trustevals.ai/,amf,112954,2026-07-13
daniel.roedler@octomind.dev,octomind.dev,Daniel Roedler,"Co-Founder, CPO & Managing Director",daniel.roedler@octomind.dev,valid,ok,true,Daniel,Roedler,,"Co-Founder, CPO & Managing Director",https://www.linkedin.com/in/daniel-roedler,OctoClaw,https://www.octomind.dev,amf,112954,2026-07-13
martin.olsen@eonesolutions.com,eonesolutions.com,Martin Olsen,Ceo,martin.olsen@eonesolutions.com,valid,ok,true,Martin,Olsen,,CEO,https://www.linkedin.com/in/martinolsen1,eOne Integrated Business Solutions,,amf,112954,2026-07-13
raj@openstream.ai,openstream.ai,Raj Tumuluri,CEO,raj@openstream.ai,valid,ok,true,Raj,Tumuluri,,CEO,https://www.linkedin.com/in/rajtumuluri,Openstream Inc,https://www.openstream.ai,amf,112954,2026-07-13
sid@nodexperts.com,nodexperts.com,Sid Pandey,Founder & CEO,sid@nodexperts.com,valid,ok,true,Sid,Pandey,,Founder & CEO,https://www.linkedin.com/in/sidpandey1,KaGen,https://www.kagen.ai/,amf,112954,2026-07-13
sodonnell@cambridgebs.co.uk,cambridgebs.co.uk,Steve O'donnell,Independent ned,sodonnell@cambridgebs.co.uk,valid,ok,true,Steve,O'donnell,,Independent NED,https://www.linkedin.com/in/stephenodonnell,The Cambridge Building Society,http://www.cambridgebs.co.uk,amf,112954,2026-07-13
dgolecha@aimadefun.com,aimadefun.com,Devshree Golecha,Founder,dgolecha@aimadefun.com,valid,ok,true,Devshree,Golecha,,Founder,https://www.linkedin.com/in/devshree-golecha-cdo-data-analytics,AI Made Fun,http://aimadefun.com,amf,112954,2026-07-13
miguel@adoctorsjourney.com,adoctorsjourney.com,Miguel Angel Villagra Diaz Md Emba Adoctorsjourney,Adoctorsjourney Founder | Physician Career Coach & Leadership Mentor,miguel@adoctorsjourney.com,valid,ok,true,Miguel angel,Villagra diaz md emba adoctorsjourney,,Founder & CEO | Positive Intelligence® Coach (B2C) + Digital Health Fractional CMO (B2B),https://www.linkedin.com/in/adjblogcoaching,Adoctorsjourney,https://adoctorsjourney.com/,amf,112954,2026-07-13
sarahadler@stanford.edu,stanford.edu,"Sarah Adler, Psyd",Clinical professor,sarahadler@stanford.edu,valid,ok,true,Sarah,"Adler, psyd",,Founder / CEO,https://www.linkedin.com/in/drsarahadler,Wave,https://www.wavelife.io,amf,112954,2026-07-13
ms@useonward.com,useonward.com,Matt A. Smith,GTM,ms@useonward.com,valid,ok,true,Matt a.,Smith,,GTM,https://www.linkedin.com/in/mattsmitty,Onward,http://www.useonward.com,amf,112954,2026-07-13
eric@deploylaw.com,deploylaw.com,Eric Mclintock,Managing director,eric@deploylaw.com,valid,ok,true,Eric,Mclintock,,Co-Founder & Managing Director,https://www.linkedin.com/in/eric-mclintock,Deploy Talent,deploytalent.com,amf,112954,2026-07-13
will@outwardintelligence.com,outwardintelligence.com,Will Johnson,CEO,will@outwardintelligence.com,valid,ok,true,Will,Johnson,,CEO,https://www.linkedin.com/in/will-johnson-hp,Outward Intelligence,https://www.outwardintelligence.com/,amf,112954,2026-07-13
alicia@bizspeed.com,bizspeed.com,Alicia Norton,Marketing manager,alicia@bizspeed.com,valid,ok,true,Alicia,N.,,Fractional Marketing Lead,https://www.linkedin.com/in/norton-alicia,Revmo,https://www.revmo.ai,amf,112954,2026-07-13
margaret.genatios@azumo.com,azumo.com,Margaret Genatios,Head of Marketing,margaret.genatios@azumo.com,valid,ok,true,Margaret,Genatios,,Head of Marketing,https://www.linkedin.com/in/margaretgenatios,Azumo,https://azumo.com,amf,112954,2026-07-13
vickram@fundamento.ai,fundamento.ai,Vickram Saigal,Co-Founder,vickram@fundamento.ai,valid,ok,true,Vickram,Saigal,,Co-Founder,https://www.linkedin.com/in/vickramsaigal,Fundamento,https://fundamento.ai,amf,112954,2026-07-13
dimitri.masin@gradient-labs.ai,gradient-labs.ai,Dimitri Masin,Co-Founder & CEO,dimitri.masin@gradient-labs.ai,valid,ok,true,Dimitri,Masin,,Co-Founder & CEO,https://www.linkedin.com/in/dimitrimasin,Gradient Labs AI,http://www.gradient-labs.ai,amf,112954,2026-07-13
chris.porter@todaydigital.com,todaydigital.com,Chris Porter,Chief Revenue Officer (CRO),chris.porter@todaydigital.com,valid,ok,true,Chris,Porter,,Chief Revenue Officer (CRO),https://www.linkedin.com/in/chrisporter31,Today Digital,https://todaydigital.com,amf,112954,2026-07-13
sai@innoinstrument.com,innoinstrument.com,Sai Yalla,Non executive director,sai@innoinstrument.com,valid,ok,true,Sai,Y.,,"Head of Strategic Initiatives, Revenues & Funding",https://www.linkedin.com/in/saiyalla,LokiBots,https://www.lokibots.ai,amf,112954,2026-07-13
yossi.duani@insait.io,insait.io,Yossi Duani,Head of Growth,yossi.duani@insait.io,valid,ok,true,Yossi,Duani,,GTM Consultant,https://www.linkedin.com/in/yossi-duani-18a068181,Insait,https://insait.io/,amf,112954,2026-07-13
dolapo@appliedlabs.ai,appliedlabs.ai,Dolapo Adedokun,Founding Agent Product Manager,dolapo@appliedlabs.ai,valid,ok,true,Dolapo,Adedokun,,Founding Agent Product Manager,https://www.linkedin.com/in/dolapobj,Applied Labs,https://appliedlabs.ai/,amf,112954,2026-07-13
patrick.summe@nice.com,nice.com,Patrick Summe,Chief technology officer,patrick.summe@nice.com,valid,ok,true,Patrick,Summe,,Chief Technology Officer,https://www.linkedin.com/in/patrick-summe-07b7321,LiveVox,https://www.livevox.com,amf,112954,2026-07-13
luciana@elementops.com,elementops.com,Luciana Baigún,Co-founder and interim COO,luciana@elementops.com,valid,ok,true,Luciana,Baigún,,Co-founder and interim COO,https://www.linkedin.com/in/lucianabaigun,Element Ops,https://www.elementoperations.com,amf,112954,2026-07-13
bryn@hellocfo.com.au,hellocfo.com.au,Bryn Leggett,Founder and Director,bryn@hellocfo.com.au,valid,ok,true,Bryn,Leggett,,Founder and Director,https://www.linkedin.com/in/brynleggett,HelloCFO,https://www.hellocfo.com.au/,amf,112954,2026-07-13
davidcfournier@assureeservices.com,assureeservices.com,David C Fournier,Solution Director - District360,davidcfournier@assureeservices.com,valid,ok,true,David c,Fournier,,Solution Director - District360,https://www.linkedin.com/in/davidcfournier,Assure eServices,http://www.assureeservices.com,amf,112954,2026-07-13
a.gollu@northeastern.edu,northeastern.edu,Aleks Gollu,Associate teaching professor,a.gollu@northeastern.edu,valid,ok,true,Aleks,Gollu,,"Founder, CEO",https://www.linkedin.com/in/aleksgollu,11Sight,https://11sight.com,amf,112954,2026-07-13
caoimhe@anam.ai,anam.ai,Caoimhe Murphy,Co-Founder,caoimhe@anam.ai,valid,ok,true,Caoimhe,Murphy,,Co-Founder,https://www.linkedin.com/in/caoimhe-murphy,Anam.ai,https://anam.ai/?utm_source=anam_demo&utm_medium=linkedin_company_page&utm_campaign=linkedin%20promo12,amf,112954,2026-07-13
gal@kahoona.io,kahoona.io,Gal Rapoport,Co-Founder & CEO,gal@kahoona.io,valid,ok,true,Gal,Rapoport,,Co-Founder & CEO,https://www.linkedin.com/in/gal-rapoport-0780b2109,Kahoona,https://www.kahoona.ai/,amf,112954,2026-07-13
j.horcajadas@homuinvest.com,homuinvest.com,José A. Horcajadas,Founder,j.horcajadas@homuinvest.com,valid,ok,true,José a.,Horcajadas,,Founder,https://www.linkedin.com/in/jos%C3%A9-a-horcajadas-,Homu Health Ventures,http://homuinvest.com/,amf,112954,2026-07-13
brandon@infusioncapital.org,infusioncapital.org,Brandon Gil,Funding specialist,brandon@infusioncapital.org,valid,ok,true,Brandon,Gil,,Chief Executive Officer,https://www.linkedin.com/in/brandon-gil-3985b4286,SALES ASSISTANT AI,,amf,112954,2026-07-13
shawn@goatforreal216.com,goatforreal216.com,Shawn Payne,Founder,shawn@goatforreal216.com,valid,ok,true,Shawn,Payne,,Founder,https://www.linkedin.com/in/shawnpayne216,My Car Counsel,,amf,112954,2026-07-13
jignesh.shah@klarion.ai,klarion.ai,Jignesh Shah,CEO and Cofounder,jignesh.shah@klarion.ai,valid,ok,true,Jignesh,Shah,,CEO and Cofounder,https://www.linkedin.com/in/jshahdc,Klarion,https://www.klarion.ai,amf,112954,2026-07-13
richard@neon.ai,neon.ai,Richard Leeds,"President, Founder, Inventor, Software Engineer",richard@neon.ai,valid,ok,true,Richard,Leeds,,"President, Founder, Inventor, Software Engineer",https://www.linkedin.com/in/richard-leeds-cpi,Neon AI,https://neon.ai,amf,112954,2026-07-13
victor@thebiblechat.com,thebiblechat.com,Laurențiu-victor B.,Co-founder,victor@thebiblechat.com,valid,ok,true,Laurențiu-victor,B.,,Co-Founder,https://www.linkedin.com/in/balasalaurentiuvictor,Bible Chat,https://thebiblechat.com/,amf,112954,2026-07-13
christophe.mosa@octopuscommunity.com,octopuscommunity.com,Christophe Mosa,Founder & cto @ octopus community,christophe.mosa@octopuscommunity.com,valid,ok,true,Christophe,Mosa,,Founder & CTO @ Octopus Community,https://www.linkedin.com/in/christophe-mosa-8445147,Octopus Community,,amf,112954,2026-07-13
jdeegan@gainclarity.ai,gainclarity.ai,Jason Deegan,Founder & AI Strategy Consultant,jdeegan@gainclarity.ai,valid,ok,true,Jason,Deegan,,Head of Security & Compliance (Advisor),https://www.linkedin.com/in/jasondeeganli,Saleo,https://saleo.io,amf,112954,2026-07-13
sam@sentisum.com,sentisum.com,Sambodhi (sam),Fractional CPTO – AI & Product Innovation,sam@sentisum.com,valid,ok,true,Sambodhi,(sam),,Fractional CTO – AI & Product Innovation,https://www.linkedin.com/in/sambodhi-sam-42a18816,SentiSum,https://www.sentisum.com,amf,112954,2026-07-13
patrick@solidroad.com,solidroad.com,Patrick Finlay,Co Founder & CTO,patrick@solidroad.com,valid,ok,true,Patrick,Finlay,,Co Founder & CTO,https://www.linkedin.com/in/patjfin,Solidroad,https://www.solidroad.com/,amf,112954,2026-07-13
tedi@resemble.ai,resemble.ai,Tedi Papajorgji,Chief technology officer,tedi@resemble.ai,valid,ok,true,Tedi,Papajorgji,,Chief Technology Officer,https://www.linkedin.com/in/tedipapajorgji,Resemble AI,https://www.resemble.ai/contact-us,amf,112954,2026-07-13
jbell@slatepointpartners.com,slatepointpartners.com,John Bell,Senior Advisor,jbell@slatepointpartners.com,valid,ok,true,John,Bell,,Senior Advisor,https://www.linkedin.com/in/johncbell1,Revenue Operations Associates,https://revopsassociates.com,amf,112954,2026-07-13
justin@cxconnect.ai,cxconnect.ai,Justin Custer,Founder & CEO,justin@cxconnect.ai,valid,ok,true,Justin,Custer,,Founder & CEO,https://www.linkedin.com/in/thinkjc,cxconnect.ai,http://cxconnect.ai,amf,112954,2026-07-13
hthornton@teksystems.com,teksystems.com,Dr. Kendra Hull Thornton,Ai therapy sme @meta,hthornton@teksystems.com,valid,ok,true,Dr. kendra,Hull thornton,,Member,https://www.linkedin.com/in/dr-kendra-hull-thornton-5252b528,AI Mental Health Collective,https://www.aimentalhealthcollective.com,amf,112954,2026-07-13
kellym@attagirlla.com,attagirlla.com,Kelly Mcswain Amy,Founder,kellym@attagirlla.com,valid,ok,true,Kelly,Mcswain amy,,Client Success Manager,https://www.linkedin.com/in/kelly-mcswain-amy-96887b11,PERQ,http://www.perq.com,amf,112954,2026-07-13
kshitij@100ms.ai,100ms.ai,Kshitij Gupta,CEO and Co-Founder,kshitij@100ms.ai,valid,ok,true,Kshitij,Gupta,,CEO and Co-Founder,https://www.linkedin.com/in/guptakshi,100ms,https://www.100ms.ai/,amf,112954,2026-07-13
kjacobson@foxen.com,foxen.com,Kevin Jacobson,Chief Executive Officer,kjacobson@foxen.com,valid,ok,true,Kevin,Jacobson,,Chief Executive Officer,https://www.linkedin.com/in/kevin-b-jacobson,Foxen,http://www.foxen.com,amf,112954,2026-07-13
grigori@connectly.ai,connectly.ai,Grigori Somin,Board member,grigori@connectly.ai,valid,ok,true,Grigori,Somin,,Board Member,https://www.linkedin.com/in/gsomin,Connectly.ai,http://connectly.ai,amf,112954,2026-07-13
faraz@getbluejay.ai,getbluejay.ai,Faraz Siddiqi,"Co-Founder, CTO",faraz@getbluejay.ai,valid,ok,true,Faraz,Siddiqi,,"Co-Founder, CTO",https://www.linkedin.com/in/farazmsiddiqi,Bluejay,https://getbluejay.ai/,amf,112954,2026-07-13
jibranbader@catalectconsulting.com,catalectconsulting.com,Jibran Bader,Founder and CEO,jibranbader@catalectconsulting.com,valid,ok,true,Jibran,B.,,Founder and CEO,https://www.linkedin.com/in/jibran-b-98b63439,ConvoIQ,https://www.convoiq.co/,amf,112954,2026-07-13
ardie.sameti@scala.ai,scala.ai,Ardie Sameti,Co-Founder & CEO,ardie.sameti@scala.ai,valid,ok,true,Ardie,Sameti,,Co-Founder & CEO,https://www.linkedin.com/in/ardie-sameti-32aa4937,Scala,https://scala.ai,amf,112954,2026-07-13
roman@recombine.ai,recombine.ai,Roman Bekkiev,Founder & CTO,roman@recombine.ai,valid,ok,true,Roman,Bekkiev,,Founder & CTO,https://www.linkedin.com/in/rombekk,Recombine AI,https://recombine.ai/,amf,112954,2026-07-13
aj@cxdata.ai,cxdata.ai,Aj Rajeswaran,Founder & CEO,aj@cxdata.ai,valid,ok,true,Aj,Rajeswaran,,Founder & CEO,https://www.linkedin.com/in/ajrajes,CX Data | The eCom Signal Engine,http://www.cxdata.ai,amf,112954,2026-07-13
jess@goroam.tech,goroam.tech,Jessica Jorgensen,Founder/CEO,jess@goroam.tech,valid,ok,true,Jessica,Jorgensen,,Founder/CEO,https://www.linkedin.com/in/jessicascrivnerjorgensen,goRoam.Tech,https://www.goRoam.tech,amf,112954,2026-07-13
michael.cox@robomercato.com,robomercato.com,Michael Cox,Sales Director,michael.cox@robomercato.com,valid,ok,true,Michael,Cox,,Sales Director,https://www.linkedin.com/in/michael-a-r-cox,RoboMercato,https://www.robomercato.com,amf,112954,2026-07-13
erica.clayton@forethought.ai,forethought.ai,Erica Clayton,Head of Partnerships,erica.clayton@forethought.ai,valid,ok,true,Erica,Clayton,,Head of Partnerships,https://www.linkedin.com/in/e-clayton,Forethought,http://www.forethought.ai,amf,112954,2026-07-13
gokhan.erdogdu@cloudoffix.com,cloudoffix.com,Gökhan Erdoğdu,Founder & CEO,gokhan.erdogdu@cloudoffix.com,valid,ok,true,Gökhan,Erdoğdu,,Founder & CEO,https://www.linkedin.com/in/gokhanerdogdu,CloudOffix,https://www.cloudoffix.com,amf,112954,2026-07-13
merlie.calvert@farill.io,farill.io,Merlie Calvert,CEO & Founder,merlie.calvert@farill.io,valid,ok,true,Merlie,Calvert,,CEO & Founder,https://www.linkedin.com/in/merlie-calvert,Farillio,http://farill.io/,amf,112954,2026-07-13
myedowitz@brandtech.com,brandtech.com,Mike Yedowitz,Marketing and Event Specialist,myedowitz@brandtech.com,valid,ok,true,Mike,Yedowitz,,Event Planning Specialist,https://www.linkedin.com/in/mike-yedowitz,Brightflag,https://brightflag.com,amf,112954,2026-07-13
brian.tacik@lotuspetal.ai,lotuspetal.ai,Brian Tacik,"Co-founder, Investor, COO",brian.tacik@lotuspetal.ai,valid,ok,true,Brian,Tacik,,"Co-founder, Investor, COO",https://www.linkedin.com/in/btacik,LotusPetal.AI,https://lotuspetal.ai/,amf,112954,2026-07-13
john@autotrainer.com,autotrainer.com,John Finocchiaro,Chief Executive Officer,john@autotrainer.com,valid,ok,true,John,Finocchiaro,,Advisor,https://www.linkedin.com/in/john-finocchiaro-88280a50,MultiModel,https://www.multimodel.com,amf,112954,2026-07-13
maitrik@assembled.com,assembled.com,Maitrik S.,Growth Marketing Manager,maitrik@assembled.com,valid,ok,true,Maitrik,S.,,Growth Marketing Manager,https://www.linkedin.com/in/maitrik-s,Assembled,https://www.assembled.com,amf,112954,2026-07-13
brian@outwardintelligence.com,outwardintelligence.com,Brian Tatum,Co-Founder,brian@outwardintelligence.com,valid,ok,true,Brian,Tatum,,Co-Founder,https://www.linkedin.com/in/brian-m-tatum,Outward Intelligence,https://www.outwardintelligence.com/,amf,112954,2026-07-13
subhankar@xpectrum-ai.com,xpectrum-ai.com,Subhankar Ghosh,Co-Founder,subhankar@xpectrum-ai.com,valid,ok,true,Subhankar,Ghosh,,Co-Founder,https://www.linkedin.com/in/subhankar-ghosh-11701a169,Xpectrum AI,https://xpectrum-ai.com/,amf,112954,2026-07-13
mark@zynka.ai,zynka.ai,Mark Eburne,UK CEO / Cofounder,mark@zynka.ai,valid,ok,true,Mark,Eburne,,"CEO, Founder & Principal Consultant",https://www.linkedin.com/in/markeburne,Ionyze,ionyze.co.uk,amf,112954,2026-07-13
sorin.dumitrescu@gtmbrigade.com,gtmbrigade.com,Sorin Dumitrescu,Chief technology officer,sorin.dumitrescu@gtmbrigade.com,valid,ok,true,Sorin,Dumitrescu,,Chief Technology Officer,https://www.linkedin.com/in/sorin-dumitrescu,Omniconvert,https://www.omniconvert.com/,amf,112954,2026-07-13
liz@wonderly.com,wonderly.com,Liz Willits,Investor,liz@wonderly.com,valid,ok,true,Liz,Willits,,Founder and Owner,https://www.linkedin.com/in/liz-willits,Content Phenom,www.contentphenom.com,amf,112954,2026-07-13
jeff@dvsum.com,dvsum.com,Jeff Newman,"Board member, vice chairman",jeff@dvsum.com,valid,ok,true,Jeff,Newman,,"Board Member, Vice Chairman",https://www.linkedin.com/in/jeff-newman-30931,DvSum,https://dvsum.ai,amf,112954,2026-07-13
romy@solidroad.com,solidroad.com,Romy Niaz Mccarthy,Founding BDR,romy@solidroad.com,valid,ok,true,Romy niaz,Mccarthy,,Founding GTM,https://www.linkedin.com/in/romy-niaz-mccarthy-545138188,Solidroad,https://www.solidroad.com/,amf,112954,2026-07-13
aniket@100ms.ai,100ms.ai,Aniket Behera,Co-Founder,aniket@100ms.ai,valid,ok,true,Aniket,Behera,,Co-Founder,https://www.linkedin.com/in/aniketbehera,100ms,https://www.100ms.ai/,amf,112954,2026-07-13
trevorclark@shyftoff.com,shyftoff.com,Trevor Clark,Founder & CEO,trevorclark@shyftoff.com,valid,ok,true,Trevor,Clark,,Founder & CEO,https://www.linkedin.com/in/trevorkclark,ShyftOff,http://www.shyftoff.com,amf,112954,2026-07-13
rj@thrivetheory.org,thrivetheory.org,Rj Rosi,Founder,rj@thrivetheory.org,valid,ok,true,Rj,R.,,VP of Revenue & Partnerships,https://www.linkedin.com/in/rj-rosi,Botcopy,https://botcopy.com,amf,112954,2026-07-13
joe.murphy@symtrain.com,symtrain.com,Joseph A. Murphy,Sr advisor symtrain,joe.murphy@symtrain.com,valid,ok,true,Joseph a.,Murphy,,Sr Advisor Symtrain,https://www.linkedin.com/in/josephamurphy,SymTrain,https://www.symtrain.ai,amf,112954,2026-07-13
kellyne@mobilemotionmocap.com,mobilemotionmocap.com,Kellyne Clapper,Producer,kellyne@mobilemotionmocap.com,valid,ok,true,Kellyne,Clapper,,Producer,https://www.linkedin.com/in/kellyneclapper,Mobile Motion Mocap,http://www.mobilemotionmocap.com/,amf,112954,2026-07-13
isharna.walsh@lorikeetcx.ai,lorikeetcx.ai,Isharna Walsh,Head of Product and Design,isharna.walsh@lorikeetcx.ai,valid,ok,true,Isharna,Walsh,,Head of Product and Design,https://www.linkedin.com/in/isharna-walsh-2676ab58,Lorikeet,https://www.lorikeetcx.ai,amf,112954,2026-07-13
namrata@testlify.com,testlify.com,Namrata Kamdar,Co-Founder & Chief Operating Officer,namrata@testlify.com,valid,ok,true,Namrata,Kamdar,,Co-Founder & Chief Operating Officer,https://www.linkedin.com/in/namrata-kamdar,Testlify,https://testlify.com/?utm_source=LinkedIn&utm_medium=linkedin_profile&utm_campaign=social_traffic,amf,112954,2026-07-13
ecarter@synchcs.com,synchcs.com,"Erin Carter, Mba, Mcd, Ccc-slp, Chc","Founder, consultant",ecarter@synchcs.com,valid,ok,true,Erin,"Carter, mba, mcd, ccc-slp, chc",,"Founder, Consultant",https://www.linkedin.com/in/erin-carter-sync,Sync Healthcare Solutions,www.synchcs.com,amf,112954,2026-07-13
dean@homing.com,homing.com,Dean Dicarlo,Founder,dean@homing.com,valid,ok,true,Dean,Dicarlo,,Founder,https://www.linkedin.com/in/dean-dicarlo-a194858,Homing,http://www.homing.com,amf,112954,2026-07-13
krishay@symbal.ai,symbal.ai,Krishay Mukhija,Ceo & co-founder,krishay@symbal.ai,valid,ok,true,Krishay,Mukhija,,CEO & Co-Founder,https://www.linkedin.com/in/krishaymukhija,Symbal,https://www.symbal.ai/,amf,112954,2026-07-13
tensae@amazon.com,amazon.com,Tensae Laki,Software development engineer,tensae@amazon.com,valid,ok,true,Tensae,Laki,,Fellow,https://www.linkedin.com/in/tensae-laki-491595283,Comma Capital,http://comma.vc/,amf,112954,2026-07-13
chadzinsky@linklive.ai,linklive.ai,Chad Hadzinsky,Senior software engineer,chadzinsky@linklive.ai,valid,ok,true,Chad,Hadzinsky,,Senior Software Engineer,https://www.linkedin.com/in/chad-hadzinsky,LinkLive,https://linklive.ai/,amf,112954,2026-07-13
dvir@insait.io,insait.io,Dvir Ginzburg,Founder and chief executive officer,dvir@insait.io,valid,ok,true,Dvir,Ginzburg,,Founder and Chief Executive Officer,https://www.linkedin.com/in/dvirginzburg,Insait IO,https://insait.io/,amf,112954,2026-07-13
rennen@callers.ai,callers.ai,Rennen Chacham,Co-founder and CTO,rennen@callers.ai,valid,ok,true,Rennen,Chacham,,Co-founder and CTO,https://www.linkedin.com/in/rennen,Callers,https://www.callers.ai/,amf,112954,2026-07-13
mo@smartsurvey.co.uk,smartsurvey.co.uk,Mo Naser,Chief Executive Officer,mo@smartsurvey.co.uk,valid,ok,true,Mo,Naser,,Chief Executive Officer,https://www.linkedin.com/in/mo-naser-7955244,SmartSurvey,http://www.smartsurvey.co.uk,amf,112954,2026-07-13
kritika@thoughtmachine.net,thoughtmachine.net,Kritika Amarnath,Head of commercial strategy for tier 1 banks,kritika@thoughtmachine.net,valid,ok,true,Kritika,Amarnath,,Head of Commercial Strategy for Tier 1 Banks,https://www.linkedin.com/in/kritika-amarnath,Thought Machine,http://www.thoughtmachine.net,amf,112954,2026-07-13
shill@perq.com,perq.com,Scott Hill,"Executive chairman, co-founder",shill@perq.com,valid,ok,true,Scott,Hill,,"Executive Chairman, Co-Founder",https://www.linkedin.com/in/scottjhill,PERQ,http://www.perq.com,amf,112954,2026-07-13
johnwang@assembled.com,assembled.com,John Wang,Cofounder and CTO,johnwang@assembled.com,valid,ok,true,John,Wang,,Cofounder and CTO,https://www.linkedin.com/in/johnjianwang,Assembled,https://www.assembled.com,amf,112954,2026-07-13
athompson@alterian.com,alterian.com,Alex Thompson,VP CX Product Strategy,athompson@alterian.com,valid,ok,true,Alex,Thompson,,VP CX Product Strategy,https://www.linkedin.com/in/customer,Alterian,http://www.alterian.com,amf,112954,2026-07-13
mark@klearcom.com,klearcom.com,Mark Rohan,Chief Operating Officer,mark@klearcom.com,valid,ok,true,Mark,Rohan,,Co Founder and Chief Operating Officer,https://www.linkedin.com/in/mark-rohan-bb554127,Klearcom,http://www.klearcom.com,amf,112954,2026-07-13
ps@hubspot.com,hubspot.com,Paul Solomon,Head of AI Engineering,ps@hubspot.com,valid,ok,true,Paul,Solomon,,Head of AI Engineering,https://www.linkedin.com/in/pauljamessolomon,Xelix,https://hubs.la/Q02Gbht90,amf,112954,2026-07-13
brian@rowspace.ai,rowspace.ai,Brian Sze,Helping out,brian@rowspace.ai,valid,ok,true,Brian,Sze,,Helping out,https://www.linkedin.com/in/briansze,Rowspace,https://rowspace.ai,amf,112954,2026-07-13
gurol.kurt@alternacx.com,alternacx.com,Gurol Kurt,Co-Founder and CEO,gurol.kurt@alternacx.com,valid,ok,true,Gurol,Kurt,,Co-Founder and CEO,https://www.linkedin.com/in/gurol-kurt-096147,Alterna CX,https://www.alternacx.com,amf,112954,2026-07-13
michael@dreamersofday.co,dreamersofday.co,Michael Mizner,Software Engineering Consultant,michael@dreamersofday.co,valid,ok,true,Michael,M.,,AI Engineering and Product Development,https://www.linkedin.com/in/mizner,Dreamers of Day,https://dreamersofday.co,amf,112954,2026-07-13
rachel.curtis@inicio.ai,inicio.ai,Rachel Curtis,Chief Executive Officer,rachel.curtis@inicio.ai,valid,ok,true,Rachel,Curtis,,Chief Executive Officer,https://www.linkedin.com/in/rachelcurtisuk,Inicio AI,https://inicio.ai,amf,112954,2026-07-13
jim.gruskin@firstinsight.com,firstinsight.com,Jim Gruskin,Chief executive officer,jim.gruskin@firstinsight.com,valid,ok,true,Jim,Gruskin,,Managing Partner,https://www.linkedin.com/in/jim-gruskin-a8b4aa1,"Cobb Bay Partners, LLC",http://www.cobbbaypartners.com,amf,112954,2026-07-13
charlie@ifco.global,ifco.global,Charlie Stuart Gay,Chairperson,charlie@ifco.global,valid,ok,true,Charlie,Stuart gay,,Co-Founder,https://www.linkedin.com/in/charlie-stuart-gay,Biodiversity Arc,,amf,112954,2026-07-13
megan@tincan.kids,tincan.kids,Megan Fouty,General counsel and head of people and hr,megan@tincan.kids,valid,ok,true,Megan,Fouty,,Chief Operating Officer and Chief Legal Officer,https://www.linkedin.com/in/megan-fouty,mpathic,https://www.mpathic.ai,amf,112954,2026-07-13
elizabeth.belk@oracle.com,oracle.com,"Elizabeth Belk, Pmp (she/her)",Associate director,elizabeth.belk@oracle.com,valid,ok,true,Elizabeth,"Belk, pmp (she/her)",,Founder and Owner,https://www.linkedin.com/in/elizabeth-belk-pmp,Second Wave Collective,,amf,112954,2026-07-13
ahmed@datalyticx.ai,datalyticx.ai,Ahmed Al Balushi,Founder & CEO,ahmed@datalyticx.ai,valid,ok,true,Ahmed,Al balushi,,Co-Founder,https://www.linkedin.com/in/ahmedbalushi,Stealth AI Startup,,amf,112954,2026-07-13
susan.packal@avalara.com,avalara.com,Susan Packal,Head of Global Legal Operations & Chief of Staff,susan.packal@avalara.com,valid,ok,true,Susan,Packal,,Head of Legal Transformation & Chief of Staff,https://www.linkedin.com/in/susanpackal,Avalara,https://www.avalara.com,amf,112954,2026-07-13
brett.forman@nice.com,nice.com,Brett Forman,VP - Experience Analytics,brett.forman@nice.com,valid,ok,true,Brett,Forman,,VP - Experience Analytics,https://www.linkedin.com/in/brett-forman-4532376,NiCE,http://www.nice.com,amf,112954,2026-07-13
dave.king@speechicon.ai,speechicon.ai,Dave King,Chief revenue officer,dave.king@speechicon.ai,valid,ok,true,Dave,King,,Chief Revenue Officer,https://www.linkedin.com/in/dave-king-179616,Speechicon,https://speechicon.ai,amf,112954,2026-07-13
deepak@usefini.com,usefini.com,Deepak Singla,Co-Founder & CEO,deepak@usefini.com,valid,ok,true,Deepak,Singla,,Co-Founder & CEO,https://www.linkedin.com/in/deep-singla,Fini,https://www.usefini.com/?utm_source=linkedin&utm_medium=social,amf,112954,2026-07-13
patrick.lawton@kombea.com,kombea.com,Patrick Lawton,Chief Strategy & Partnerships Officer,patrick.lawton@kombea.com,valid,ok,true,Patrick,Lawton,,Chief Strategy & Partnerships Officer,https://www.linkedin.com/in/patrick-lawton-84193696,KomBea Corp.,http://www.kombea.com,amf,112954,2026-07-13
mark@nexadental.ai,nexadental.ai,Mark Allen,"Founder, board member, and chief ai officer",mark@nexadental.ai,valid,ok,true,Mark,Allen,,Generative AI Consultant and Educator | Empowering Leaders to Thrive in the AI Revolution,https://www.linkedin.com/in/markallenmd,HeroForge.AI,,amf,112954,2026-07-13
yoav@jvpvc.com,jvpvc.com,Yoav Tzruya,General Partner,yoav@jvpvc.com,valid,ok,true,Yoav,Tzruya,,General Partner,https://www.linkedin.com/in/yoav-tzruya-36198b,JVP,http://www.jvpvc.com,amf,112954,2026-07-13
anantha@nuvizz.com,nuvizz.com,Anantha Rao,Chief Technology Officer,anantha@nuvizz.com,valid,ok,true,Anantha,Rao,,Chief Technology Officer,https://www.linkedin.com/in/anantharao,nuVizz Inc.,http://www.nuvizz.com,amf,112954,2026-07-13
barry@pcaadvisors.ca,pcaadvisors.ca,Barry Kryba,President & CEO,barry@pcaadvisors.ca,valid,ok,true,Barry,Kryba,,Chief Executive Officer,https://www.linkedin.com/in/barry-kryba-57942714,PCA Advisors Ltd.,,amf,112954,2026-07-13
gururaj@nuvizz.com,nuvizz.com,"Gururaj ""guru"" Rao",CEO,gururaj@nuvizz.com,valid,ok,true,"Gururaj ""guru""",Rao,,CEO,https://www.linkedin.com/in/guru-rao,nuVizz Inc.,http://www.nuvizz.com,amf,112954,2026-07-13
gal.rimon@centrical.com,centrical.com,Gal Rimon,CEO & Founder,gal.rimon@centrical.com,valid,ok,true,Gal,Rimon,,CEO & Founder,https://www.linkedin.com/in/galr10,Centrical,https://centrical.com,amf,112954,2026-07-13
stephen.drew@speechicon.ai,speechicon.ai,Stephen Drew,Chief executive officer,stephen.drew@speechicon.ai,valid,ok,true,Dr. stephen,Drew,,Chief Executive Officer,https://www.linkedin.com/in/dr-stephen-drew,Speechicon,https://speechicon.ai,amf,112954,2026-07-13
lincoln.waddell@saleo.io,saleo.io,Lincoln Waddell,VP of Engineering,lincoln.waddell@saleo.io,valid,ok,true,Lincoln,Waddell,,VP of Engineering,https://www.linkedin.com/in/lincoln-waddell,Saleo,https://saleo.io,amf,112954,2026-07-13
pchintamaneni@newmountaincapital.com,newmountaincapital.com,Prasad Chintamaneni,Senior advisor,pchintamaneni@newmountaincapital.com,valid,ok,true,Prasad,Chintamaneni,,Managing Partner and Co-Founder,https://www.linkedin.com/in/prasad-chintamaneni-a412001,Recursion Partners,,amf,112954,2026-07-13
kjartan@11sight.com,11sight.com,Kjartan Monstad,Product manager,kjartan@11sight.com,valid,ok,true,Kjartan,Monstad,,Product Manager,https://www.linkedin.com/in/kjartan-monstad-b54434107,11Sight,https://11sight.com,amf,112954,2026-07-13
carley.childress@macorva.com,macorva.com,Carley Childress,"Founder, chief product officer",carley.childress@macorva.com,valid,ok,true,Carley,Childress,,"Founder, Chief Product Officer",https://www.linkedin.com/in/carley-childress-677201b0,"Macorva, Inc.",https://www.macorva.com/,amf,112954,2026-07-13
chris@blaze.me,blaze.me,Christopher Violas,CEO and Founder,chris@blaze.me,valid,ok,true,Christopher,Violas,,CEO and Founder,https://www.linkedin.com/in/chrisviolas,BLAZE,http://BLAZE.me,amf,112954,2026-07-13
delilah.twersky@balto.ai,balto.ai,Delilah Twersky,Sr. Creative Marketing Manager,delilah.twersky@balto.ai,valid,ok,true,Delilah,Twersky,,Sr. Creative Marketing Manager,https://www.linkedin.com/in/delilah-twersky-11860677,Balto,https://balto.ai,amf,112954,2026-07-13
tony.ward@asknicely.com,asknicely.com,Tony Ward,Chief Executive Officer,tony.ward@asknicely.com,valid,ok,true,Tony,Ward,,Chief Executive Officer,https://www.linkedin.com/in/tonyjward,AskNicely,https://www.asknicely.com,amf,112954,2026-07-13
louis@krim.ai,krim.ai,Louis Oliphant Parkinson,Cbo - co-founder,louis@krim.ai,valid,ok,true,Louis,Oliphant parkinson,,"Co-Founder, COO",https://www.linkedin.com/in/louis-oliphant-parkinson,Phynomy,https://phynomy.ai,amf,112954,2026-07-13
michael@beninc.ai,beninc.ai,Michael Lucas,Co-Founder,michael@beninc.ai,valid,ok,true,Michael,Lucas,,Co-Founder,https://www.linkedin.com/in/michael-lucas-b0325860,"BENinc.ai - Brand Engagement Network, Inc.",https://brandengagementnetwork.com/,amf,112954,2026-07-13
azfar@getbluejay.ai,getbluejay.ai,Azfar Khan,Growth marketing lead,azfar@getbluejay.ai,valid,ok,true,Azfar,Khan,,Growth Marketing Lead,https://www.linkedin.com/in/1azfarkhan,Bluejay,https://getbluejay.ai/,amf,112954,2026-07-13
scott.tudman@viridianbridge.com,viridianbridge.com,Scott Tudman,President,scott.tudman@viridianbridge.com,valid,ok,true,Scott,Tudman,,President,https://www.linkedin.com/in/scott-tudman,Viridian Bridge,,amf,112954,2026-07-13
zach.togut@continu.com,continu.com,Zach Togut,Enterprise Account Executive,zach.togut@continu.com,valid,ok,true,Zach,Togut,,Enterprise Account Executive,https://www.linkedin.com/in/zachtogut,Continu,https://www.continu.com,amf,112954,2026-07-13
ajay@twelvefold.ai,twelvefold.ai,Ajay Mago,"Co-founder, general partner and general counsel",ajay@twelvefold.ai,valid,ok,true,Ajay,M.,,"Co-Founder, General Partner and General Counsel",https://www.linkedin.com/in/ajaymago,Twelvefold,https://twelvefold.ai,amf,112954,2026-07-13
ahsan.naseem@coeus-solutions.de,coeus-solutions.de,Muhammad Ahsan Naseem,Co-Founder / Director Technology,ahsan.naseem@coeus-solutions.de,valid,ok,true,Muhammad ahsan,Naseem,,Co-Founder / Director Technology,https://www.linkedin.com/in/ahsannaseem,Coeus Solutions GmbH,https://www.coeus-solutions.de,amf,112954,2026-07-13
genevieve@unicornintelligencetech.com,unicornintelligencetech.com,"Genevieve Bartuski, Psyd, Mba",Co-founder,genevieve@unicornintelligencetech.com,valid,ok,true,Dr. genevieve,"Bartuski, psyd, mba · cpsychol",,Licensed Psychologist,https://www.linkedin.com/in/genevievebartuski,Codex Psychological & Forensic Services,www.codexpsych.com,amf,112954,2026-07-13
gilad.gershon@insait.io,insait.io,Gilad Gershon,Chief Technology Officer,gilad.gershon@insait.io,valid,ok,true,Gilad,Gershon,,Chief Technology Officer,https://www.linkedin.com/in/giladgershon,Insait,https://insait.io/,amf,112954,2026-07-13
aryan@commandplay.design,commandplay.design,Aryan Rustagi,Co-founder,aryan@commandplay.design,valid,ok,true,Aryan,Rustagi,,Co-Founder,https://www.linkedin.com/in/aryanrustagi,CMD Play,https://commandplay.design/,amf,112954,2026-07-13
surendra@refpaymedia.org,refpaymedia.org,Surendra Tiwari,Founder & Podcast Host,surendra@refpaymedia.org,valid,ok,true,Surendra,Tiwari,,Founder & Podcast Host,https://www.linkedin.com/in/surendratiwari,LivingViral,https://www.livingviral.com/,amf,112954,2026-07-13
abhish@outwardintelligence.com,outwardintelligence.com,Abhish Raghavan,"Co-Founder, Head of Research",abhish@outwardintelligence.com,valid,ok,true,Abhish,Raghavan,,"Co-Founder, Head of Research",https://www.linkedin.com/in/abhishraghavan,Outward Intelligence,https://www.outwardintelligence.com/,amf,112954,2026-07-13
aaditya@statler-energy.com,statler-energy.com,"Aaditya Chintalapati, Cfa",Co-Founder & CFO,aaditya@statler-energy.com,valid,ok,true,Aaditya,"Chintalapati, cfa",,Founder,https://www.linkedin.com/in/aadityachintalapati,Aigis Analytics,www.aigis-analytics.com,amf,112954,2026-07-13
mor.assia@iangels.com,iangels.com,Mor Assia,Founding partner and co-ceo,mor.assia@iangels.com,valid,ok,true,Mor,Assia,,Founding Partner and Co-CEO,https://www.linkedin.com/in/morassia,iAngels,http://www.iangels.com,amf,112954,2026-07-13
alan.johnson@pinionai.com,pinionai.com,Alan Johnson,Founder,alan.johnson@pinionai.com,valid,ok,true,Alan,Johnson,,Founder,https://www.linkedin.com/in/alan-johnson-7baa7a3,PinionAI,https://pinionai.com/,amf,112954,2026-07-13
ag@brnz.ai,brnz.ai,Alex Gorin,The Head of Growth,ag@brnz.ai,valid,ok,true,Alex,Gorin,,The Head of Growth,https://www.linkedin.com/in/alex-gorin-552b31a4,BRAIN - BRN.AI - AI Chatbots for eCommerce DTC brands,http://www.brnz.ai,amf,112954,2026-07-13
mbrazeau@dryviq.com,dryviq.com,Mark Brazeau,Founder/Chief Strategy Officer (CSO),mbrazeau@dryviq.com,valid,ok,true,Mark,Brazeau,,Founder/Chief Strategy Officer (CSO),https://www.linkedin.com/in/markbrazeau,DryvIQ,http://www.dryviq.com,amf,112954,2026-07-13
timkeller@frontlinereliefusa.org,frontlinereliefusa.org,Tim Keller,"Co-Founder, Chief Strategy Officer (CSO)",timkeller@frontlinereliefusa.org,valid,ok,true,Tim,Keller,,Founder,https://www.linkedin.com/in/tim-keller-8b4b1520a,Actualize,https://actualize.live,amf,112954,2026-07-13
vivek.ganotra@sentisum.com,sentisum.com,Vivek Ganotra,Co-Founder,vivek.ganotra@sentisum.com,valid,ok,true,Vivek,Ganotra,,Co-Founder,https://www.linkedin.com/in/vivekganotra,SentiSum,https://www.sentisum.com,amf,112954,2026-07-13
david@regal.ai,regal.ai,David Sokolow,Vp of product,david@regal.ai,valid,ok,true,David,Sokolow,,VP of Product,https://www.linkedin.com/in/davidsokolow,REGAL,https://www.regal.ai,amf,112954,2026-07-13
poyraz.ozkan@alternacx.com,alternacx.com,Poyraz Ozkan,Co-founder,poyraz.ozkan@alternacx.com,valid,ok,true,Poyraz,Ozkan,,Co-Founder,https://www.linkedin.com/in/poyraz-ozkan,Alterna CX,https://www.alternacx.com,amf,112954,2026-07-13
reinholds@amperon.co,amperon.co,Reinholds Zviedris,Principal Infrastructure Security Engineer,reinholds@amperon.co,valid,ok,true,Reinholds,Z.,,Senior DevOps Engineer,https://www.linkedin.com/in/reinholdszviedris,NETERO,https://netero.io,amf,112954,2026-07-13
karen.babington@valafy.com,valafy.com,Karen Babington,Co-founder,karen.babington@valafy.com,valid,ok,true,Karen,Babington,,Co-Founder,https://www.linkedin.com/in/karen-babington-9a40a81,Collaborative Conveyancing,https://www.collaborativeconveyancing.co.uk,amf,112954,2026-07-13
conors@openai.com,openai.com,Conor Stanley,Investor / board,conors@openai.com,valid,ok,true,Conor,Stanley,,Founder,https://www.linkedin.com/in/conorstan,Tribal.vc,https://twitter.com/tribalvc,amf,112954,2026-07-13
mpietras@linklive.ai,linklive.ai,Mark Pietras,Founder & Chief Architect,mpietras@linklive.ai,valid,ok,true,Mark,Pietras,,Founder & Chief Architect,https://www.linkedin.com/in/mark-pietras-0a42683,LinkLive,https://linklive.ai/,amf,112954,2026-07-13
ramesh@vizru.com,vizru.com,Ramesh Mahalingam,Founder & ceo,ramesh@vizru.com,valid,ok,true,Ramesh,Mahalingam,,Founder & CEO,https://www.linkedin.com/in/ramesh-mahalingam-374aba1,"Vizru, Inc",http://www.vizru.com,amf,112954,2026-07-13
marc.mengler@octomind.dev,octomind.dev,Marc Mengler,Co-Founder & CEO,marc.mengler@octomind.dev,valid,ok,true,Marc,Mengler,,Co-Founder & CEO,https://www.linkedin.com/in/marcmengler,octomind,https://www.octomind.dev,amf,112954,2026-07-13
jmcmahon@voicify.com,voicify.com,Jeff Mcmahon,Ceo,jmcmahon@voicify.com,valid,ok,true,Jeff,Mcmahon,,CEO,https://www.linkedin.com/in/jeff-mcmahon,Voicify,http://www.voicify.com,amf,112954,2026-07-13
patrick@riptidehq.com,riptidehq.com,Patrick Banta,President/Co-Founder,patrick@riptidehq.com,valid,ok,true,Patrick,Banta,,President/Co-Founder,https://www.linkedin.com/in/patrick-banta-24547293,Riptide Messaging,http://www.riptidehq.com,amf,112954,2026-07-13
purnendu@convai.com,convai.com,Purnendu Mukherjee,Founder and ceo,purnendu@convai.com,valid,ok,true,Purnendu,Mukherjee,,Founder and CEO,https://www.linkedin.com/in/purn3ndu,Convai,convai.com,amf,112954,2026-07-13
gregory@embrace.ai,embrace.ai,Gregory Tulumbas,Head of Engineering,gregory@embrace.ai,valid,ok,true,Gregory,Tulumbas,,Head of Engineering,https://www.linkedin.com/in/gregory-tulumbas,Embrace.ai,https://embrace.ai/,amf,112954,2026-07-13
erin@redbird.io,redbird.io,Erin Tavgac,CEO,erin@redbird.io,valid,ok,true,Erin,Tavgac,,CEO,https://www.linkedin.com/in/erintavgac,Redbird,http://www.redbird.io,amf,112954,2026-07-13
abhirup.ghosh@sainapse.ai,sainapse.ai,Abhirup Ghosh,"Co-founder, Head of Innovation",abhirup.ghosh@sainapse.ai,valid,ok,true,Abhirup,Ghosh,,"Co-founder, Head of Innovation",https://www.linkedin.com/in/abhirupghosh,Sainapse,https://sainapse.ai,amf,112954,2026-07-13
avi.singh@accountablevr.com,accountablevr.com,Avi Singh,Co-Founder & CTO,avi.singh@accountablevr.com,valid,ok,true,Avi,Singh,,Co-Founder & CTO,https://www.linkedin.com/in/avis1211,Atlas,https://atlaswork.ai,amf,112954,2026-07-13
brian@mpathic.ai,mpathic.ai,Brian Barry,"Seed Investor, Advisor",brian@mpathic.ai,valid,ok,true,Brian,Barry,,Founder & Managing Member,https://www.linkedin.com/in/brian-barry-98b69614,Rattlesnake Creek Capital,,amf,112954,2026-07-13
tara@loris.ai,loris.ai,Tara Yazdi,Senior Enterprise Account Executive,tara@loris.ai,valid,ok,true,Tara,Yazdi,,"Co-Founder, CEO",https://www.linkedin.com/in/tara-yazdi-70aa95218,Stealth Startup,https://harmonic.ai/get-discovered,amf,112954,2026-07-13
huw@cobrowse.io,cobrowse.io,Huw Edwards,Director of customer success,huw@cobrowse.io,valid,ok,true,Huw,Edwards,,Director of Customer Success,https://www.linkedin.com/in/huwr-edwards,Cobrowse.io,https://www.cobrowse.io,amf,112954,2026-07-13
rg@complexio.com,complexio.com,Radosław Gryta,Senior Software Engineer,rg@complexio.com,valid,ok,true,Radosław,Gryta,,Senior Software Engineer,https://www.linkedin.com/in/rgryta,Complexio,https://complexio.com,amf,112954,2026-07-13
leigh.kellner@asknicely.com,asknicely.com,Leigh Kellner,Demand generation director,leigh.kellner@asknicely.com,valid,ok,true,Leigh,Kellner,,Demand Generation Director,https://www.linkedin.com/in/leighkellner,AskNicely,https://www.asknicely.com,amf,112954,2026-07-13
sergey@acaitravel.com,acaitravel.com,Sergey Kolodyazhnyy,Principal Engineer,sergey@acaitravel.com,valid,ok,true,Sergey,Kolodyazhnyy,,Principal Engineer,https://www.linkedin.com/in/sk10y,Acai Travel,https://www.acaitravel.com/,amf,112954,2026-07-13
nate@structurely.com,structurely.com,Nathan Joens,Co Founder,nate@structurely.com,valid,ok,true,Nathan,Joens,,Co Founder,https://www.linkedin.com/in/nathanjoens,Structurely,http://www.structurely.com,amf,112954,2026-07-13
didier@ivo.ai,ivo.ai,Didier Smith,Head of Engineering,didier@ivo.ai,valid,ok,true,Didier,Smith,,Head of Engineering,https://www.linkedin.com/in/didier-smith-4290153a,Ivo,https://ivo.ai,amf,112954,2026-07-13
gary.coman@journeyid.com,journeyid.com,Gary Coman,Chief Revenue Officer (CRO),gary.coman@journeyid.com,valid,ok,true,Gary,Coman,,Chief Revenue Officer (CRO),https://www.linkedin.com/in/garycoman,Journey,http://www.journey.ai/,amf,112954,2026-07-13
giovanna@cxdata.ai,cxdata.ai,Giovanna Fiume,Co-founder & d2c growth strategist,giovanna@cxdata.ai,valid,ok,true,Giovanna,Fiume,,Founders mentor and coach,https://www.linkedin.com/in/giovanna-fiume,Red de Mentores de Madrid Emprende,https://www.madridemprende.es/red-de-mentores/,amf,112954,2026-07-13
art.coombs@kombea.com,kombea.com,Art Coombs,CEO,art.coombs@kombea.com,valid,ok,true,Art,Coombs,,CEO,https://www.linkedin.com/in/artcoombs,KomBea Corp.,http://www.kombea.com,amf,112954,2026-07-13
ivar@myvoice.ai,myvoice.ai,Ivar Line,CEO and Co-founder,ivar@myvoice.ai,valid,ok,true,Ivar,Line,,CEO and Co-founder,https://www.linkedin.com/in/ivarline,MYVOICE.AI,,amf,112954,2026-07-13
danielle.schlosser@mpathic.ai,mpathic.ai,"Danielle Schlosser, Phd","Co-Founder, Chief Business Officer",danielle.schlosser@mpathic.ai,valid,ok,true,Danielle,"Schlosser, phd",,"Co-Founder, Chief Business & Innovation Officer",https://www.linkedin.com/in/danielle-schlosser-phd-3b55796a,mpathic,https://www.mpathic.ai,amf,112954,2026-07-13
pat@mamaditasauces.com,mamaditasauces.com,Patrick Force,Co-Founder,pat@mamaditasauces.com,valid,ok,true,Patrick,Force,,Co-Founder,https://www.linkedin.com/in/patrick-force-a4092a12,Mama Dita’s,Mamaditasauces.com,amf,112954,2026-07-13
qudsia@workhub.ai,workhub.ai,Qudsia Piracha,Chief Product Officer,qudsia@workhub.ai,valid,ok,true,Qudsia,Piracha,,Chief Product Officer,https://www.linkedin.com/in/qudsiapiracha,WorkHub,https://workhub.ai/,amf,112954,2026-07-13
sueleyman.arayan@ityx.de,ityx.de,Süleyman Arayan,CEO,sueleyman.arayan@ityx.de,valid,ok,true,Süleyman,Arayan,,CEO ThinkOwl Group,https://www.linkedin.com/in/s%C3%BCleyman-arayan-46100047,ThinkOwl,www.thinkowl.com,amf,112954,2026-07-13
steve@solve.ai,solve.ai,Steve Basher,Founder & ceo,steve@solve.ai,valid,ok,true,Steve,Basher,,Founder & CEO,https://www.linkedin.com/in/steve-basher,SolveAI,https://solve.ai/,amf,112954,2026-07-13
haider@convoi.ai,convoi.ai,Haider Iqbal,Founder & ceo,haider@convoi.ai,valid,ok,true,Haider,Iqbal,,Founder & CEO,https://www.linkedin.com/in/haider-iq,Convoi AI,https://www.convoi.ai/,amf,112954,2026-07-13
mitchell@wincinteractive.com,wincinteractive.com,Mitchell Williams,Co Founder & COO,mitchell@wincinteractive.com,valid,ok,true,Mitchell,Williams,,Co Founder & COO,https://www.linkedin.com/in/mitchell-williams-winc,Winc Interactive,https://wincinteractive.com/,amf,112954,2026-07-13
ahmed@stacksmesh.com,stacksmesh.com,Ahmed Hassan Yaseen,Founder,ahmed@stacksmesh.com,valid,ok,true,Ahmed hassan,Yaseen,,Founder,https://www.linkedin.com/in/ahmedyasin,Stacks Mesh LLC,https://stacksmesh.com/,amf,112954,2026-07-13
dave@eqho.ai,eqho.ai,David Lee,Ceo |  co-founder,dave@eqho.ai,valid,ok,true,David,Lee,,CEO | Co-Founder,https://www.linkedin.com/in/davelee44,Eqho.ai,https://eqho.ai/,amf,112954,2026-07-13
jason@ciandt.com,ciandt.com,Jason Wright,"Principal, Product Strategy Consulting",jason@ciandt.com,valid,ok,true,Jason,Wright,,Founder,https://www.linkedin.com/in/jasonmwright,JMW Product Consulting,,amf,112954,2026-07-13
simha.sadasiva@ushur.ai,ushur.ai,Simha Sadasiva,Co Founder & CEO,simha.sadasiva@ushur.ai,valid,ok,true,Simha,Sadasiva,,Co Founder & CEO,https://www.linkedin.com/in/simhasadasiva,Ushur,https://www.ushur.ai,amf,112954,2026-07-13
chris.flores@balto.ai,balto.ai,Chris Flores,Director of Customer Success,chris.flores@balto.ai,valid,ok,true,Chris,Flores,,Director of Customer Success,https://www.linkedin.com/in/cjflores09,Balto,https://balto.ai,amf,112954,2026-07-13
seth@loris.ai,loris.ai,Seth Levine,Lead Machine Learning Scientist,seth@loris.ai,valid,ok,true,Seth,Levine,,Director of AI Innovation,https://www.linkedin.com/in/sethplevine,Contentsquare,,amf,112954,2026-07-13
kevin@core.global,core.global,Kevin K. Kurian,Founding partner/ceo,kevin@core.global,valid,ok,true,Kevin k.,Kurian,,Managing General Partner,https://www.linkedin.com/in/kevinkurian,Paper Digital,www.paperdigital.xyz,amf,112954,2026-07-13
nlindstrom@unitq.com,unitq.com,Niklas Lindstrom,Founder and CTO,nlindstrom@unitq.com,valid,ok,true,Niklas,Lindstrom,,Founder and CTO,https://www.linkedin.com/in/nlindstrom,unitQ,https://www.unitq.com/,amf,112954,2026-07-13
damian.singer@k3c.co.uk,k3c.co.uk,Damian Singer,"FDR Manager | GTM Engineer (Clay, Make, Hubspot, Heyreach, Instantly, LeanGTM))",damian.singer@k3c.co.uk,valid,ok,true,Damian,Singer,,Account Executive,https://www.linkedin.com/in/damian-singer-1659ab20b,Desku - Ai Customer Service Software,https://desku.io,amf,112954,2026-07-13
alan@enlighten.capital,enlighten.capital,Alan Brande,General partner,alan@enlighten.capital,valid,ok,true,Alan,Brande,,Founder & CEO,https://www.linkedin.com/in/alan-brande,Light-it,https://lightit.io/?utm_source=linkedin&utm_medium=bio,amf,112954,2026-07-13
j.ruparel@northeastern.edu,northeastern.edu,Jay Ruparel,Adjunct faculty of entrepreneurship,j.ruparel@northeastern.edu,valid,ok,true,Jay,Ruparel,,Co-Founder & CEO,https://www.linkedin.com/in/jay-ruparel-8843211,VOICEplug AI,http://www.voiceplug.ai,amf,112954,2026-07-13
chris@thechannelcompany.com,thechannelcompany.com,Christine D.,Chief executive officer,chris@thechannelcompany.com,valid,ok,true,Christine,D.,,"Strategic Partner, Cloud Tech Gurus",https://www.linkedin.com/in/christine-d-994931179,Cloud Tech Gurus,https://cloudtechgurus.com,amf,112954,2026-07-13
ypeled@notch.cx,notch.cx,Yuval Peled,"CTO, Cofounder",ypeled@notch.cx,valid,ok,true,Yuval,Peled,,"CTO, Cofounder",https://www.linkedin.com/in/peledyuval,Notch,https://www.notch.cx,amf,112954,2026-07-13
muhammad.ahmad@venturedata.ai,venturedata.ai,Muhammad Ahmad,Head of Analytics & Business Intelligence,muhammad.ahmad@venturedata.ai,valid,ok,true,Muhammad,Ahmad,,Co-Founder & CEO,https://www.linkedin.com/in/mahmad21,Business Pulse,,amf,112954,2026-07-13
tika@tikacreations.com,tikacreations.com,Tika Cook,Founder,tika@tikacreations.com,valid,ok,true,Tika,Cook,,Founder,https://www.linkedin.com/in/tika-cook,Tika Creations,,amf,112954,2026-07-13
raj.arokiaraj@ushur.ai,ushur.ai,Raj Arokiaraj,Vp of engineering,raj.arokiaraj@ushur.ai,valid,ok,true,Raj,Arokiaraj,,VP of Engineering,https://www.linkedin.com/in/raj-arokiaraj,Ushur,https://www.ushur.ai,amf,112954,2026-07-13
gary@tetherdata.io,tetherdata.io,Gary Sahota,Co-Founder,gary@tetherdata.io,valid,ok,true,Gary,Sahota,,Co-Founder,https://www.linkedin.com/in/garysahota,Tether,https://www.linkedin.com/redir/suspicious-page?url=https%3A%2F%2Ftetherdata%2eio%2F,amf,112954,2026-07-13
sayee@posterosai.com,posterosai.com,Sayee Natarajan,Board Member / Advisor,sayee@posterosai.com,valid,ok,true,Sayee,Natarajan,,Board Member / Advisor,https://www.linkedin.com/in/sayeenatarajan,PosterosAi,https://www.posterosai.com,amf,112954,2026-07-13
peterburg@scapitalvc.com,scapitalvc.com,Aya Peterburg,Founder and Managing Partner,peterburg@scapitalvc.com,valid,ok,true,Aya,Peterburg,,Board Member,https://www.linkedin.com/in/aya-peterburg-32149817,Legato AI,https://legato.ai/,amf,112954,2026-07-13
adi@velotix.ai,velotix.ai,Dr. Adi Hod,Chief Executive Officer,adi@velotix.ai,valid,ok,true,Dr. adi,Hod,,Chief Executive Officer,https://www.linkedin.com/in/dr-adi-hod-0839463,Velotix,http://velotix.ai,amf,112954,2026-07-13
pratik.m@sigmamind.ai,sigmamind.ai,Pratik Mundra,Co-Founder,pratik.m@sigmamind.ai,valid,ok,true,Pratik,Mundra,,Co-Founder,https://www.linkedin.com/in/mundrapratik90,SigmaMind AI,https://sigmamind.ai/,amf,112954,2026-07-13
rohits@petavue.com,petavue.com,Rohit Srivastav,Head of Marketing and Agentic AI Onboarding,rohits@petavue.com,valid,ok,true,Rohit,Srivastav,,Marketing and Product Management,https://www.linkedin.com/in/rohitsrivastav,Petavue,https://petavue.com,amf,112954,2026-07-13
izhak@attrb.io,attrb.io,Izhak Zimmermann,Co-Founder & CEO,izhak@attrb.io,valid,ok,true,Izhak,Zimmermann,,Co-Founder & CEO,https://www.linkedin.com/in/izhak,Attribute,https://attrb.io,amf,112954,2026-07-13
max@flipcx.com,flipcx.com,Max Graham,Product Lead - Healthcare,max@flipcx.com,valid,ok,true,Max,Graham,,Product Lead - Healthcare,https://www.linkedin.com/in/max-graham-4b35b8171,Flip CX,https://flipcx.com/,amf,112954,2026-07-13
matthew.west@aquant.ai,aquant.ai,Matthew West,Digital marketing manager,matthew.west@aquant.ai,valid,ok,true,Matthew,West,,Digital Marketing Manager,https://www.linkedin.com/in/matthew-west-profile,Aquant,http://www.aquant.ai,amf,112954,2026-07-13
rohit.pareek@impresa.ai,impresa.ai,Rohit Pareek,Chief Product Officer,rohit.pareek@impresa.ai,valid,ok,true,Rohit,Pareek,,Chief Product Officer,https://www.linkedin.com/in/rohitpareek,Impresa.ai,https://www.impresa.ai/,amf,112954,2026-07-13
sjett@oviieai.com,oviieai.com,Shamiyon Jett,"Founder, CEO",sjett@oviieai.com,valid,ok,true,Shamiyon,Jett,,"Founder, CEO",https://www.linkedin.com/in/shamiyon-jett-701148346,OViiE Ai Inc,https://oviieai.com,amf,112954,2026-07-13
enrike@enhance.online,enhance.online,Enrike Nur,Product Director,enrike@enhance.online,valid,ok,true,Enrike,Nur,,AI Technologies & Data Director,https://www.linkedin.com/in/enrikenur,PASHA Financial Holding,,amf,112954,2026-07-13
ben@anam.ai,anam.ai,Ben Carr,Co-Founder,ben@anam.ai,valid,ok,true,Ben,Carr,,Co-Founder,https://www.linkedin.com/in/ben-carr-674697a4,Anam.ai,https://anam.ai/?utm_source=anam_demo&utm_medium=linkedin_company_page&utm_campaign=linkedin%20promo12,amf,112954,2026-07-13
juan@regal.ai,regal.ai,Juan Porley,Staff Software Engineer,juan@regal.ai,valid,ok,true,Juan,Porley,,Staff Software Engineer,https://www.linkedin.com/in/juanporley,Regal.ai,https://www.regal.ai,amf,112954,2026-07-13
justin.mcdonald@saleo.io,saleo.io,Justin Mcdonald,Co-founder and ceo,justin.mcdonald@saleo.io,valid,ok,true,Justin,Mcdonald,,Co-Founder and CEO,https://www.linkedin.com/in/justin-mcdonald-21a3aa6,Saleo,https://saleo.io,amf,112954,2026-07-13
ah@dal.ca,dal.ca,Abdul Hakheem,Founder,ah@dal.ca,valid,ok,true,Abdul,Hakheem,,Founder,https://www.linkedin.com/in/abdul-hakheem-aa7182179,CanLab Ai,https://canlab.ai/,amf,112954,2026-07-13
anubhav.mohanty@callbotics.ai,callbotics.ai,Ab Anubhav Mohanty,SVP Product & Operations,anubhav.mohanty@callbotics.ai,valid,ok,true,Ab,Anubhav mohanty,,SVP Product & Operations,https://www.linkedin.com/in/anubhavmohanty258,Orvera AI,https://www.orvera.ai/,amf,112954,2026-07-13
andy@logicdialog.ai,logicdialog.ai,Andy Feltham,Product Director,andy@logicdialog.ai,valid,ok,true,Andy,Feltham,,CEO,https://www.linkedin.com/in/andyfeltham,Westwood AI Ltd,,amf,112954,2026-07-13
andy@cobrowse.io,cobrowse.io,Andy Pritchard,Co-founder and cto,andy@cobrowse.io,valid,ok,true,Andy,Pritchard,,Co-Founder and CTO,https://www.linkedin.com/in/andy-pritchard,Cobrowse.io,https://www.cobrowse.io,amf,112954,2026-07-13
biagio.cerruto@softphone.ai,softphone.ai,Biagio Cerruto,Director,biagio.cerruto@softphone.ai,valid,ok,true,Biagio,Cerruto,,Director,https://www.linkedin.com/in/biagio-cerruto,Softphone International,http://softphone.ai,amf,112954,2026-07-13
harry@anam.ai,anam.ai,Harry Smaje,Product Engineer,harry@anam.ai,valid,ok,true,Harry,Smaje,,Product Engineer,https://www.linkedin.com/in/harrysmaje,Anam,https://anam.ai/?utm_source=anam_demo&utm_medium=linkedin_company_page&utm_campaign=linkedin%20promo12,amf,112954,2026-07-13
nawaz@digitalgrowthfactor.com,digitalgrowthfactor.com,Nawaz Ali Pir,Owner & project development manager,nawaz@digitalgrowthfactor.com,valid,ok,true,Nawaz ali,Pir,,Vice President Business Strategy,https://www.linkedin.com/in/nawaz-ali-pir-aab2473,Synapse Tech Inc.,www.synapsetechinc.com,amf,112954,2026-07-13
devendra@zynka.ai,zynka.ai,Devendra P.,"Founder | product & strategy (zynka charge, zynka ops, roaming hub)",devendra@zynka.ai,valid,ok,true,Devendra,P.,,Enterprise Architect,https://www.linkedin.com/in/devendra-p-3b5a451,M Group,https://mgroupltd.com/,amf,112954,2026-07-13
kk@aiphoria.ai,aiphoria.ai,Konstantin Kruglov,Founder,kk@aiphoria.ai,valid,ok,true,Kostia,Kruglov,,Founder,https://www.linkedin.com/in/konstantinkruglov,Acclaim AI,https://acclaim.ai,amf,112954,2026-07-13
dan.kutchel@overtime.ai,overtime.ai,Daniel Kutchel,Chief executive officer,dan.kutchel@overtime.ai,valid,ok,true,Dan,K.,,Chief Executive Officer,https://www.linkedin.com/in/danielkutchel,Acclaim AI,https://acclaim.ai,amf,112954,2026-07-13
dileep@nofrills.ai,nofrills.ai,Dileep Jacob,CoFounder Nofrills.ai,dileep@nofrills.ai,valid,ok,true,Dileep,Jacob,,CoFounder Nofrills.ai,https://www.linkedin.com/in/dileep-jacob-7a42a9170,Nofrills,https://agentbaba.ai/,amf,112954,2026-07-13
ori.shavit@kape.com,kape.com,Ori Shavit,Chief marketing officer,ori.shavit@kape.com,valid,ok,true,Ori,Shavit,,Chief Marketing Officer,https://www.linkedin.com/in/ori-shavit-a811a727,Kape Technologies,http://www.kape.com/,amf,112954,2026-07-13
ap@complexio.com,complexio.com,Andreas Povlsen,Head of Engineering,ap@complexio.com,valid,ok,true,Andreas,Povlsen,,Head of Engineering,https://www.linkedin.com/in/andreaspovlsen,Complexio,https://complexio.com,amf,112954,2026-07-13
nayan@satkaam.org,satkaam.org,Nayan Jadeja,Co-founder,nayan@satkaam.org,valid,ok,true,Nayan,Jadeja,,Co-Founder,https://www.linkedin.com/in/nayan-jadeja-64618b,Satkaam Foundation,https://www.satkaam.org/,amf,112954,2026-07-13
anton.masalovich@acclaim.ai,acclaim.ai,Anton Masalovich,Head of Machine Learning,anton.masalovich@acclaim.ai,valid,ok,true,Anton,Masalovich,,Head of AI/ML,https://www.linkedin.com/in/masalovich,Acclaim AI,https://acclaim.ai,amf,112954,2026-07-13
mdoyle@dryviq.com,dryviq.com,"Matt Doyle, Cpa, Cfa",President & coo/cfo,mdoyle@dryviq.com,valid,ok,true,Matt,"Doyle, cpa, cfa",,President & COO/CFO,https://www.linkedin.com/in/doyle-matt,DryvIQ,http://www.dryviq.com,amf,112954,2026-07-13
prasad@storylane.io,storylane.io,Prasad Gole,Director of AI,prasad@storylane.io,valid,ok,true,Prasad,Gole,,Director of AI,https://www.linkedin.com/in/prasad-gole,Storylane,https://storylane.io,amf,112954,2026-07-13
megan@assembled.com,assembled.com,Megan Yang,Head of product @assembled,megan@assembled.com,valid,ok,true,Megan,Yang,,Head of Product @Assembled,https://www.linkedin.com/in/megan-mann-yang,Assembled,https://www.assembled.com,amf,112954,2026-07-13
sscott@foxen.com,foxen.com,Sean Scott,Chief Technology Officer,sscott@foxen.com,valid,ok,true,Sean,Scott,,Chief Technology Officer,https://www.linkedin.com/in/sean-scott-19686b39,Foxen,http://www.foxen.com,amf,112954,2026-07-13
petr.horak@nova.cz,nova.cz,Petr Horák,Motorsport commentator,petr.horak@nova.cz,valid,ok,true,Petr,Horák,,Zakladatel,https://www.linkedin.com/in/petr-hor%C3%A1k-37253111,Race talks & Car talks,,amf,112954,2026-07-13
kendra.speed@sc.edu,sc.edu,Kendra Speed,Lecturer,kendra.speed@sc.edu,valid,ok,true,Kendra,Speed,,Founder & Principal,https://www.linkedin.com/in/kendraspeed,Klarion Group,,amf,112954,2026-07-13
eitan@genai-labs.io,genai-labs.io,Eitan Haik,Chief Executive Officer,eitan@genai-labs.io,valid,ok,true,Eitan,H.,,Chief Executive Officer,https://www.linkedin.com/in/eitan-haik,GenAI.Labs,https://www.genai-labs.io,amf,112954,2026-07-13
tal@eden-is.com,eden-is.com,Tal Eden,Chief Executive Officer,tal@eden-is.com,valid,ok,true,Tal,Eden,,Chief Executive Officer,https://www.linkedin.com/in/tal-eden-1b636912,Eden Insight Solutions,,amf,112954,2026-07-13
justin@inkeep.com,inkeep.com,Justin Chavez,Head of Applied AI Engineering,justin@inkeep.com,valid,ok,true,Justin,Chavez,,Head of Applied AI Engineering,https://www.linkedin.com/in/justinlchavez,Inkeep,https://go.inkeep.com/INK-LN-PROF,amf,112954,2026-07-13
veqar.islam@jbs.live,jbs.live,Veqar Islam,Director and Chief Executive,veqar.islam@jbs.live,valid,ok,true,Veqar,Islam,,Director,https://www.linkedin.com/in/veqar-islam-b4b21a5,National Investment Trust Limited,http://www.nit.com.pk,amf,112954,2026-07-13
andy@nvision-data.com,nvision-data.com,Andy Nastasa,Founder,andy@nvision-data.com,valid,ok,true,Andy,Nastasa,,Data Analyst,https://www.linkedin.com/in/andy-nastasa,Omniconvert,https://www.omniconvert.com/,amf,112954,2026-07-13
craig.vallis@digitalrfq.com,digitalrfq.com,Craig Vallis,Co-Founder and COO,craig.vallis@digitalrfq.com,valid,ok,true,Craig,Vallis,,Co-Founder and COO,https://www.linkedin.com/in/craigvallis,DigitalRFQ,https://digitalrfq.com/,amf,112954,2026-07-13
anushka_vaze@altizon.com,altizon.com,Anushka Vaze,Vp of engineering,anushka_vaze@altizon.com,valid,ok,true,Anushka,Vaze,,VP of Engineering,https://www.linkedin.com/in/anushka-vaze-7987a166,Altizon Inc.,http://www.altizon.com,amf,112954,2026-07-13
rajesh@regal.ai,regal.ai,Rajesh Veerappan,"Vp, ai engineering",rajesh@regal.ai,valid,ok,true,Rajesh,Veerappan,,"VP, AI Engineering",https://www.linkedin.com/in/rajeshveerappan,REGAL,https://www.regal.ai,amf,112954,2026-07-13
dylank@lorikeetcx.ai,lorikeetcx.ai,Dylan Klein,Forward Deployed AI Engineer,dylank@lorikeetcx.ai,valid,ok,true,Dylan,Klein,,Senior Forward Deployed AI Engineer,https://www.linkedin.com/in/dylan-klein-a830a1a4,Lorikeet,https://www.lorikeetcx.ai,amf,112954,2026-07-13
nehal.neil@raapidinc.com,raapidinc.com,Nehal (neil) Shah,AI Strategy and Innovation (Advisor),nehal.neil@raapidinc.com,valid,ok,true,Nehal (neil),S.,,AI Strategy and Innovation (Advisor),https://www.linkedin.com/in/neilshah82,RAAPID INC,https://www.raapidinc.com/,amf,112954,2026-07-13
barry.tallis@ushur.ai,ushur.ai,Barry Tallis,"VP, Product",barry.tallis@ushur.ai,valid,ok,true,Barry,Tallis,,"VP, Product",https://www.linkedin.com/in/barrytallis,Ushur,https://www.ushur.ai,amf,112954,2026-07-13
isaac@soulside.ai,soulside.ai,Isaac Rosemberg,Head of Behavioral Health,isaac@soulside.ai,valid,ok,true,Isaac,Rosemberg,,Founding Member,https://www.linkedin.com/in/isaacrosemberg,The Magic Church,http://themagicchurch.org/,amf,112954,2026-07-13
alallathin@coastalridge.com,coastalridge.com,Andy Lallathin,Co-Founder & Managing Partner,alallathin@coastalridge.com,valid,ok,true,Andy,Lallathin,,Co-Founder & Managing Partner,https://www.linkedin.com/in/andy-lallathin-5805b6238,Coastal Ridge Real Estate,http://www.coastalridge.com,amf,112954,2026-07-13
pcardillo@nexidia.com,nexidia.com,Peter Cardillo,"Founder, Director of Research",pcardillo@nexidia.com,valid,ok,true,Peter,Cardillo,,"Founder, Director of Research",https://www.linkedin.com/in/peter-cardillo-34b67311,Nexidia,http://www.nexidia.com,amf,112954,2026-07-13
ksams@softwaretoolbox.com,softwaretoolbox.com,Kevin Sams,Business operations specialist,ksams@softwaretoolbox.com,valid,ok,true,Kevin,Sams,,Business Operations Specialist,https://www.linkedin.com/in/kevin-sams-b6940592,"Software Toolbox, Inc.",https://softwaretoolbox.com,amf,112954,2026-07-13
jmurphy@truefit.com,truefit.com,Jessica Murphy,Co-founder & chief executive officer,jmurphy@truefit.com,valid,ok,true,Jessica,Murphy,,Co-Founder & Chief Executive Officer,https://www.linkedin.com/in/jessica-murphy-68a8b8,True Fit,https://www.truefit.com,amf,112954,2026-07-13
alex@botcopy.com,botcopy.com,Alexander Seegers,Co-Founder & COO,alex@botcopy.com,valid,ok,true,Alexander,Seegers,,Co-Founder & COO,https://www.linkedin.com/in/alexanderseegers,Botcopy | Google Cloud Partner,https://botcopy.com,amf,112954,2026-07-13
ibrahim@tryhamsa.com,tryhamsa.com,Ibrahim Jabarin,Co-Founder & CEO,ibrahim@tryhamsa.com,valid,ok,true,Ibrahim,Jabarin,,Co-Founder & CEO,https://www.linkedin.com/in/ibrahiemj,Hamsa,tryhamsa.com,amf,112954,2026-07-13
cifedi@inlaks.com,inlaks.com,Charles Ifedi,MD / CEO,cifedi@inlaks.com,valid,ok,true,Charles,Ifedi,,MD / CEO,https://www.linkedin.com/in/charlesifedi,Inlaks,http://www.inlaks.com,amf,112954,2026-07-13
tony@phoenixaiassistant.com,phoenixaiassistant.com,Tony Wang,CEO,tony@phoenixaiassistant.com,valid,ok,true,Tony,Wang,,CEO,https://www.linkedin.com/in/tony-wang-phoenix,Phoenix AI Assistant,,amf,112954,2026-07-13
whapworth@claravistapartners.com,claravistapartners.com,Wills Hapworth,Senior Advisor,whapworth@claravistapartners.com,valid,ok,true,Wills,Hapworth,,Partner and Co-Founder,https://www.linkedin.com/in/willshapworth,TIA Ventures,http://www.tiaventures.com,amf,112954,2026-07-13
badler@truefit.com,truefit.com,William R. Adler,"Co-Founder, Strategic Advisor, Investor",badler@truefit.com,valid,ok,true,William r.,Adler,,"Co-Founder, Strategic Advisor, Investor",https://www.linkedin.com/in/adlerwilliamr,True Fit,https://www.truefit.com,amf,112954,2026-07-13
john.willcutts@nice.com,nice.com,John Willcutts,Vice president customer service automation,john.willcutts@nice.com,valid,ok,true,John,Willcutts,,Vice President Customer Service Automation,https://www.linkedin.com/in/john-willcutts-0373a95,NICE,http://www.nice.com,amf,112954,2026-07-13
erdogdu@managecat.com,managecat.com,C Erdogdu,Co founder,erdogdu@managecat.com,valid,ok,true,Gurkan,E.,,Co Founder,https://www.linkedin.com/in/gerdogdu,CloudOffix,https://www.cloudoffix.com,amf,112954,2026-07-13
darryl.kelly@alvaria.com,alvaria.com,Darryl Kelly,Strategic Advisor,darryl.kelly@alvaria.com,valid,ok,true,Darryl,K.,,Father/Homemaker,https://www.linkedin.com/in/darryl-kelly,"Olivia, Noah & Co.",,amf,112954,2026-07-13
muhammad.hamza@braincx.com,braincx.com,Muhammad Hamza,Head of Technology & AI Architecture,muhammad.hamza@braincx.com,valid,ok,true,Muhammad,Hamza,,Head of Technology & AI Architecture,https://www.linkedin.com/in/muhammad-hamza6,BrainCX AI,http://www.braincx.com,amf,112954,2026-07-13
mbhide@aumtech.com,aumtech.com,Madhav Bhide,CTO,mbhide@aumtech.com,valid,ok,true,Madhav,Bhide,,CTO,https://www.linkedin.com/in/madhav-bhide-23a86b5,"AumTech, Inc",http://www.aumtech.com/,amf,112954,2026-07-13
mbhide@aumtech.com,aumtech.com,Madhav Bhide,CTO,mbhide@aumtech.com,valid,ok,true,Madhav,Bhide,,CTO,https://www.linkedin.com/in/madhav-bhide-8101829,"AumTech, Inc",,amf,112954,2026-07-13
hakim@usefini.com,usefini.com,Hakim Khalafi,Co-founder & cto,hakim@usefini.com,valid,ok,true,Hakim,Khalafi,,Co-Founder & CTO,https://www.linkedin.com/in/hakim-k,Fini,https://www.usefini.com/?utm_source=linkedin&utm_medium=social,amf,112954,2026-07-13
sarah@operato-ai.com,operato-ai.com,Sarah Rolland,Founder,sarah@operato-ai.com,valid,ok,true,Sarah,Rolland,,Founder,https://www.linkedin.com/in/sarah-rolland-408226b,Operato AI,operato-ai.com,amf,112954,2026-07-13
allen.billings@scalable.care,scalable.care,Allen Billings,Co-Founder and CEO,allen.billings@scalable.care,valid,ok,true,Allen,Billings,,Co-Founder and CEO,https://www.linkedin.com/in/allenbillings,Scalable Care,https://scalable.care,amf,112954,2026-07-13
andre@linktr.ee,linktr.ee,Andre Santos,"Co-author – soft skills vol. 2 | leadership, communication & personal branding",andre@linktr.ee,valid,ok,true,Andre,Santos,,"Founder & Executive Mentor in LinkedIn, Personal Branding & Social Selling",https://www.linkedin.com/in/andresantostreinamentos,Andre Santos Treinamentos,,amf,112954,2026-07-13
megan.greenlaw@mpathic.ai,mpathic.ai,Megan Greenlaw,VP of Clinical AI,megan.greenlaw@mpathic.ai,valid,ok,true,Megan,Greenlaw,,VP of Clinical AI,https://www.linkedin.com/in/megan-greenlaw-37b33b25,mpathic,https://www.mpathic.ai,amf,112954,2026-07-13
erica@stevenswings.org,stevenswings.org,Erica Dionn Wright,Founder,erica@stevenswings.org,valid,ok,true,Erica dionn,Wright,,Partner,https://www.linkedin.com/in/ericadionnwright,Marblism,https://marblism.com,amf,112954,2026-07-13
mbach@paylocity.com,paylocity.com,Melissa Bach,Account Executive - Majors,mbach@paylocity.com,valid,ok,true,Melissa,Bach,,Founder,https://www.linkedin.com/in/melissa-benitez,The Tiny Duckie,,amf,112954,2026-07-13
larry@proxylabs.ai,proxylabs.ai,Larry Heck,Co-Founder and Chief Technology Officer,larry@proxylabs.ai,valid,ok,true,Larry,Heck,,Full Professor,https://www.linkedin.com/in/larryheck,Georgia Institute of Technology,http://gatech.edu,amf,112954,2026-07-13
muaz@turon.ai,turon.ai,Muaz Maqbool,Co-Founder,muaz@turon.ai,valid,ok,true,Muaz,Maqbool,,Vice President of Artificial Intelligence,https://www.linkedin.com/in/muaz-maqbool,IDPrivacy AI,https://www.idprivacy.ai,amf,112954,2026-07-13
amir@outwardintelligence.com,outwardintelligence.com,Amir Kanpurwala,Co-founder,amir@outwardintelligence.com,valid,ok,true,Amir,K.,,Co-Founder,https://www.linkedin.com/in/akanpurwala,Outward Intelligence,https://www.outwardintelligence.com/,amf,112954,2026-07-13
daniel@towpilot.ai,towpilot.ai,Daniel Mcconnell,Chief tow officer,daniel@towpilot.ai,valid,ok,true,Daniel,M.,,Chief Tow Officer,https://www.linkedin.com/in/mcconnellde,TowPilot Ai,https://towpilot.ai/,amf,112954,2026-07-13
hardik@wotnot.io,wotnot.io,Hardik Makadia,Co-Founder & CEO,hardik@wotnot.io,valid,ok,true,Hardik,Makadia,,Co-Founder & CEO,https://www.linkedin.com/in/hardikmakadia,WotNot,https://wotnot.io/,amf,112954,2026-07-13
ido@revuze.it,revuze.it,Ido Ramati,"Founder, COO & President",ido@revuze.it,valid,ok,true,Ido,Ramati,,"Founder, COO & President",https://www.linkedin.com/in/ido-ramati-521b78,Revuze,http://www.revuze.it,amf,112954,2026-07-13
yliu@connectly.ai,connectly.ai,Yandong Liu,Advisor,yliu@connectly.ai,valid,ok,true,Yandong,Liu,,Founder,https://www.linkedin.com/in/yandongliu,Stealth,,amf,112954,2026-07-13
nadun.n@dynamicfitness.lk,dynamicfitness.lk,Nadun Nissanka,Founder / CEO,nadun.n@dynamicfitness.lk,valid,ok,true,Nadun,Nissanka,,Founding Design Engineer [AI],https://www.linkedin.com/in/nadun-nissanka-31782b19b,eight25,http://www.eight25media.com,amf,112954,2026-07-13
sarvesh@100ms.ai,100ms.ai,Sarvesh Dwivedi,Co-Founder,sarvesh@100ms.ai,valid,ok,true,Sarvesh,Dwivedi,,Co-Founder,https://www.linkedin.com/in/sarveshdvd,100ms,https://www.100ms.ai/,amf,112954,2026-07-13
aviramr@aui.io,aui.io,Aviram Roisman,Director of R&D,aviramr@aui.io,valid,ok,true,Aviram,Roisman,,Director of R&D,https://www.linkedin.com/in/aviramroisman,AUI™ (Augmented Intelligence),aui.io,amf,112954,2026-07-13
satish@klearcom.com,klearcom.com,Satish Barot,Co-Founder & CTO,satish@klearcom.com,valid,ok,true,Satish,Barot,,Co-Founder & CTO,https://www.linkedin.com/in/satishbarot,Klearcom,http://www.klearcom.com,amf,112954,2026-07-13
arnav@enterpret.com,enterpret.com,Arnav Sharma,Co-founder & CTO,arnav@enterpret.com,valid,ok,true,Arnav,S.,,Co-founder & CTO,https://www.linkedin.com/in/arnavsharma93,Enterpret,https://www.enterpret.com,amf,112954,2026-07-13
cynthia.phitoussi@seedil.com,seedil.com,Cynthia Phitoussi,Cofounder & Managing Partner,cynthia.phitoussi@seedil.com,valid,ok,true,Cynthia,Phitoussi,,Cofounder & Managing Partner,https://www.linkedin.com/in/cynthia-phitoussi-b306921b,SeedIL Ventures,http://www.seedil.com,amf,112954,2026-07-13
edoardo.vallebella@stip.ai,stip.ai,Edoardo Vallebella,Founder & CEO,edoardo.vallebella@stip.ai,valid,ok,true,Edoardo,Vallebella,,Founder & CEO (EXIT),https://www.linkedin.com/in/edoardovallebella,Stip,https://stip.ai/,amf,112954,2026-07-13
jamie@lorikeetcx.ai,lorikeetcx.ai,Jamie Hall,Co-Founder,jamie@lorikeetcx.ai,valid,ok,true,Jamie,Hall,,Co-Founder,https://www.linkedin.com/in/jamie-hall-30360954,Lorikeet,https://www.lorikeetcx.ai,amf,112954,2026-07-13
martin.calvo@azumo.com,azumo.com,Martin Calvo,Head of Engineering,martin.calvo@azumo.com,valid,ok,true,Martin,Calvo,,Head of Engineering,https://www.linkedin.com/in/martincalvo,Azumo,https://azumo.com,amf,112954,2026-07-13
pavan.chandra@peoplebox.ai,peoplebox.ai,Pavan Chandra K,Founder’s office - growth,pavan.chandra@peoplebox.ai,valid,ok,true,Pavan chandra,K,,Founder’s office - Growth,https://www.linkedin.com/in/pavan-chandra-k-428126224,Peoplebox.ai,https://www.peoplebox.ai,amf,112954,2026-07-13
jkaiser@briggsfreeman.com,briggsfreeman.com,Joe Kaiser,Broker Associate,jkaiser@briggsfreeman.com,valid,ok,true,Joe,Kaiser,,Solutions Consultant,https://www.linkedin.com/in/joe-kaiser-95007b26,Debales AI,https://debales.ai,amf,112954,2026-07-13
itzik@vcita.com,vcita.com,Itzik Levy,Co-founder and ceo,itzik@vcita.com,valid,ok,true,Itzik,Levy,,Co-founder and CEO,https://www.linkedin.com/in/levyitzik,vcita,https://www.vcita.com,amf,112954,2026-07-13
elool@notch.cx,notch.cx,Elool Jacoby,Co-Founder & CPO,elool@notch.cx,valid,ok,true,Elool,Jacoby,,Co-Founder & CPO,https://www.linkedin.com/in/elool-jacoby-b4a993106,Notch,https://www.notch.cx,amf,112954,2026-07-13
cheena@intelligaia.com,intelligaia.com,Cheena Kaul,Co-Founder | Driving Good UX and Product Design,cheena@intelligaia.com,valid,ok,true,Cheena,Kaul,,Co-Founder | Driving Good UX and Product Design,https://www.linkedin.com/in/cheenakaul,Intelligaia,https://intelligaia.com/,amf,112954,2026-07-13
kyle.jones@balto.ai,balto.ai,Kyle Jones,VP of Product,kyle.jones@balto.ai,valid,ok,true,Kyle,Jones,,VP of Product,https://www.linkedin.com/in/kylejones2022,Balto,https://balto.ai,amf,112954,2026-07-13
mina.habchi@t1u.ai,t1u.ai,Mina Habchi,Strategy manager,mina.habchi@t1u.ai,valid,ok,true,Mina,Habchi,,Founder & CEO,https://www.linkedin.com/in/minahabchi,Niood,https://niood.com,amf,112954,2026-07-13
dean@structurely.com,structurely.com,Dean Kooiman,Chief Technology Officer,dean@structurely.com,valid,ok,true,Dean,K.,,Chief Technology Officer,https://www.linkedin.com/in/deankooiman,Structurely,http://www.structurely.com,amf,112954,2026-07-13
hgear@voicify.com,voicify.com,Henry Gear,Account Executive,hgear@voicify.com,valid,ok,true,Henry,Gear,,Account Executive,https://www.linkedin.com/in/henry-gear,Voicify,http://www.voicify.com,amf,112954,2026-07-13
vijay@unravelapp.com,unravelapp.com,Vijay Anand,Founder & CEO,vijay@unravelapp.com,valid,ok,true,Vijay,Anand,,Founder & CEO,https://www.linkedin.com/in/vijay1anand1,Unravel,https://unravelapp.com/,amf,112954,2026-07-13
kai.kirk@headspacealchemy.com,headspacealchemy.com,Kai Kirk,Managing partner,kai.kirk@headspacealchemy.com,valid,ok,true,Kai,Kirk,,Chief Product Officer,https://www.linkedin.com/in/kaikirk,BLAZE,http://BLAZE.me,amf,112954,2026-07-13
uriy@reigo-inv.com,reigo-inv.com,Uri Yarden,Chief Executive Officer,uriy@reigo-inv.com,valid,ok,true,Uri,Yarden,,Chief Executive Officer,https://www.linkedin.com/in/uriyarden,REIGO Investments,http://www.reigo-inv.com,amf,112954,2026-07-13
ms@hafnia.com,hafnia.com,Mikael Skov,Ceo,ms@hafnia.com,valid,ok,true,Mikael,Skov,,Board Member,https://www.linkedin.com/in/mikael-skov-5b06102,Seascale Energy,www.seascaleenergy.com,amf,112954,2026-07-13
elaine.david@quipli.com,quipli.com,Elaine David,Founding Head of Engineering,elaine.david@quipli.com,valid,ok,true,Elaine,David,,Founding Head of Engineering - Quinn,https://www.linkedin.com/in/medavid,Quipli,https://www.quipli.com,amf,112954,2026-07-13
john@hostedscan.com,hostedscan.com,John Snyder,Product Advisor,john@hostedscan.com,valid,ok,true,John,Snyder,,Chief Executive Officer,https://www.linkedin.com/in/johncsnyder,Cobrowse.io,https://www.cobrowse.io,amf,112954,2026-07-13
robert.morris@scalable.care,scalable.care,Robert Morris,Medical Advisor,robert.morris@scalable.care,valid,ok,true,Robert,Morris,,Medical Advisor,https://www.linkedin.com/in/robert-morris-8b8a41158,Scalable Care,https://scalable.care,amf,112954,2026-07-13
danny@jibevc.com,jibevc.com,Danny Hadar,Co-Founder,danny@jibevc.com,valid,ok,true,Danny,Hadar,,Co-Founder,https://www.linkedin.com/in/dannyhadar,Jibe Ventures,https://www.jibevc.com/,amf,112954,2026-07-13
dseynhaeve@3clogic.com,3clogic.com,Denis Seynhaeve,Chairman and CEO,dseynhaeve@3clogic.com,valid,ok,true,Denis,Seynhaeve,,Chairman and CEO,https://www.linkedin.com/in/denisseynhaeve,3CLogic - Cloud Contact Center Solutions,,amf,112954,2026-07-13
ethan.sorenson@eonesolutions.com,eonesolutions.com,Ethan Sorenson,Vice President of Product,ethan.sorenson@eonesolutions.com,valid,ok,true,Ethan,Sorenson,,Vice President of Product,https://www.linkedin.com/in/ethan-paul-sorenson,eOne Solutions,http://www.eonesolutions.com,amf,112954,2026-07-13
sajid@dextr.ai,dextr.ai,Sajid Shariff,Founder and CEO,sajid@dextr.ai,valid,ok,true,Sajid,Shariff,,Founder and CEO,https://www.linkedin.com/in/shariffsajid,Dextr AI,https://www.dextr.ai,amf,112954,2026-07-13
cory@palomarr.com,palomarr.com,Cory Hess,Co-founder / CTO,cory@palomarr.com,valid,ok,true,Cory,Hess,,Co-founder / CTO,https://www.linkedin.com/in/coryhess,Palomarr,www.palomarr.com,amf,112954,2026-07-13
alex@birdie.ai,birdie.ai,Alexandre (alex) Hadade,Co-founder / ceo,alex@birdie.ai,valid,ok,true,Alexandre (alex),Hadade,,Co-Founder / CEO,https://www.linkedin.com/in/alexandrehadade,Birdie,https://birdie.ai/,amf,112954,2026-07-13
sara.schneider@leapartners.de,leapartners.de,Sara Schneider,Venture Fund Operations,sara.schneider@leapartners.de,valid,ok,true,Sara,Schneider,,Venture Fund Operations,https://www.linkedin.com/in/sarasophiaschneider,LEA Partners,http://www.leapartners.de,amf,112954,2026-07-13
tarun@tetration.vc,tetration.vc,Tarun Bhargava,General partner,tarun@tetration.vc,valid,ok,true,Tarun,Bhargava,,Founder & Managing Partner,https://www.linkedin.com/in/tarun-bhargava-90316421,TalentGen Advisory LLP,http://www.talentgen.co.in,amf,112954,2026-07-13
matt@opalcoffee.com.au,opalcoffee.com.au,Matthew Philben,Relationship Manager | Green Coffee Trader,matt@opalcoffee.com.au,valid,ok,true,Matthew,Philben,,Relationship Manager | Green Coffee Trader,https://www.linkedin.com/in/matthew-philben-a5458916a,Opal Coffee - Specialty,https://opal.coffee,amf,112954,2026-07-13
feskafi@scu.edu,scu.edu,Farokh Eskafi,Assistant teaching professor of computer science and engineering,feskafi@scu.edu,valid,ok,true,Farokh,Eskafi,,"Co-Founder, President and CTO",https://www.linkedin.com/in/farokhe,11Sight,https://11sight.com,amf,112954,2026-07-13
martin@getpuppeteer.ai,getpuppeteer.ai,Martin Oppenheimer,Co-Founder,martin@getpuppeteer.ai,valid,ok,true,Martin,Oppenheimer,,COO & Co-Founder,https://www.linkedin.com/in/martin-oppenheimer,Light-it,https://lightit.io/?utm_source=linkedin&utm_medium=bio,amf,112954,2026-07-13
tabaza@open.cx,open.cx,Mohammad Tabaza,Co-Founder,tabaza@open.cx,valid,ok,true,Mohammad,Tabaza,,Co-Founder,https://www.linkedin.com/in/mtabaza,Open (YC W24),https://open.cx,amf,112954,2026-07-13
sameer@morphelabs.org,morphelabs.org,Sameer Khan,Co-founder & cto,sameer@morphelabs.org,valid,ok,true,Sameer,Khan,,Co-Founder & CTO,https://www.linkedin.com/in/sameer-khan-57267b111,Morphelabs,https://www.morphelabs.org/,amf,112954,2026-07-13
sourabh.kumar@supportlogic.com,supportlogic.com,Sourabh Kumar,Senior Software Developer,sourabh.kumar@supportlogic.com,valid,ok,true,Sourabh,Kumar,,Senior Software Developer,https://www.linkedin.com/in/sourabhbgp,SupportLogic,http://supportlogic.com,amf,112954,2026-07-13
jeyhun@whelp.co,whelp.co,Jeyhun Burzuyev,Executive Director,jeyhun@whelp.co,valid,ok,true,Jeyhun,Burzuyev,,Chief Executive Officer,https://www.linkedin.com/in/jeyhun-burzuyev-914b461a9,Whelp,https://whelp.co/,amf,112954,2026-07-13
faisal@datalyticx.ai,datalyticx.ai,Faisal Al Qarni,Chief Marketing Officer,faisal@datalyticx.ai,valid,ok,true,Faisal,Al qarni,,Co Founder & Chief Marketing Officer,https://www.linkedin.com/in/faisal-al-qarni-63118874,Datalyticx.ai,,amf,112954,2026-07-13
prashanth.iyengar@rheo.ai,rheo.ai,Prashanth Iyengar,Chief Executive Officer,prashanth.iyengar@rheo.ai,valid,ok,true,Prashanth,Iyengar,,Chief Executive Officer,https://www.linkedin.com/in/prashanth-iyengar-360b392,Rheo AI,https://rheo.ai/,amf,112954,2026-07-13
beth.scagnoli@redpointglobal.com,redpointglobal.com,Beth Scagnoli,Vice President Of Product Management,beth.scagnoli@redpointglobal.com,valid,ok,true,Beth,Scagnoli,,Vice President Of Product Management,https://www.linkedin.com/in/beth-scagnoli,Redpoint Global Inc.,https://www.redpointglobal.com/,amf,112954,2026-07-13
joscha@connectly.ai,connectly.ai,Joscha Koepke,Head of Product,joscha@connectly.ai,valid,ok,true,Joscha,Koepke,,Head of Product,https://www.linkedin.com/in/joschakoepke,Connectly.ai,http://connectly.ai,amf,112954,2026-07-13
sivan@qumracapital.com,qumracapital.com,Sivan Shamri Dahan,Senior Advisor,sivan@qumracapital.com,valid,ok,true,Sivan,Shamri dahan,,Founding Partner,https://www.linkedin.com/in/sivan-shamri-dahan-9934aa1,Idea Venture Capital,,amf,112954,2026-07-13
umashanker@appsteer.ai,appsteer.ai,Umashanker Raju,Founder & Director,umashanker@appsteer.ai,valid,ok,true,Umashanker,Raju,,Founder & CEO,https://www.linkedin.com/in/umashanker-raju-5631812,iSteer Inc,https://www.isteer.com,amf,112954,2026-07-13
deepak@avniro.com,avniro.com,Deepak Nachnani,"Co-founder, Avniro group",deepak@avniro.com,valid,ok,true,Deepak,Nachnani,,"Co-founder, Avniro group",https://www.linkedin.com/in/dnachnani,"Avniro Group, Singapore",,amf,112954,2026-07-13
nick.harding@51d.co,51d.co,Nick Harding,Co-founder and CEO,nick.harding@51d.co,valid,ok,true,Nick,Harding,,Co-founder and CEO,https://www.linkedin.com/in/nick-harding-02716a54,Fifty One Degrees,https://www.51d.co,amf,112954,2026-07-13
tom.bullen@symtrain.com,symtrain.com,Thomas Bullen,Vice President - Partnerships,tom.bullen@symtrain.com,valid,ok,true,Thomas,Bullen,,Vice President - Partnerships,https://www.linkedin.com/in/thomas-bullen-a92832b,Symtrain,,amf,112954,2026-07-13
fathy@speechmorphing.com,speechmorphing.com,Fathy Yassa,Founder & ceo,fathy@speechmorphing.com,valid,ok,true,Fathy,Yassa,,Founder & CEO,https://www.linkedin.com/in/fathy-yassa-1923323,"Speech Morphing, Inc.",http://speechmorphing.com,amf,112954,2026-07-13
nb@complexio.com,complexio.com,Niels Bjørkøe,Chief Technology Officer,nb@complexio.com,valid,ok,true,Niels,Bjørkøe,,Chief Technology Officer,https://www.linkedin.com/in/bjorkoe,Complexio,https://complexio.com,amf,112954,2026-07-13
latha@pandorahealth.com,pandorahealth.com,Latha A.,Co-Founder,latha@pandorahealth.com,valid,ok,true,Latha,A.,,Co-Founder,https://www.linkedin.com/in/latha-a-34449488,Pandora Health,https://pandorahealth.com,amf,112954,2026-07-13
achaudry@echo9.ai,echo9.ai,Adeel Saeed Chaudry,CEO / Co-founder,achaudry@echo9.ai,valid,ok,true,Adeel,Saeed chaudry,,CEO / Co-founder,https://www.linkedin.com/in/adeelchaudry,Echo 9,https://echo9.ai,amf,112954,2026-07-13
hasan.khan@synapse.com.pk,synapse.com.pk,Hasan Khan,Director,hasan.khan@synapse.com.pk,valid,ok,true,Hasan,Khan,,President & Co-Founder,https://www.linkedin.com/in/hasankhansynapse,Synapse Tech Inc.,www.synapsetechinc.com,amf,112954,2026-07-13
amit@screeninghive.com,screeninghive.com,Amit Ghodasara,Founder & CEO,amit@screeninghive.com,valid,ok,true,Amit,Ghodasara,,Founder & CEO,https://www.linkedin.com/in/amit-ghodasara,iSmartRecruit,https://www.ismartrecruit.com,amf,112954,2026-07-13
chris.nicol@xelix.com,xelix.com,Chris Nicol,VP of Product,chris.nicol@xelix.com,valid,ok,true,Chris,Nicol,,VP of Product,https://www.linkedin.com/in/chrisnicol,Xelix,https://hubs.la/Q02Gbht90,amf,112954,2026-07-13
rob@hubspot.com,hubspot.com,Robert Bergs,VP of Engineering,rob@hubspot.com,valid,ok,true,Robert,Bergs,,VP of Engineering,https://www.linkedin.com/in/rbergs,Xelix,https://hubs.la/Q02Gbht90,amf,112954,2026-07-13
shabeer@corecognitics.com,corecognitics.com,Shabeer Puthukkudi,Director/CTO,shabeer@corecognitics.com,valid,ok,true,Shabeer,Puthukkudi,,Director/CTO,https://www.linkedin.com/in/puthukkudi,Core Cognitics,https://www.corecognitics.com/,amf,112954,2026-07-13
rrardin@perq.com,perq.com,Rich Rardin,Director software engineering,rrardin@perq.com,valid,ok,true,Rich,Rardin,,Director Software Engineering,https://www.linkedin.com/in/rich-rardin-2094081,PERQ,http://www.perq.com,amf,112954,2026-07-13
moonsik.kang@allganize.ai,allganize.ai,Moonsik Kang,Chief Technology Officer,moonsik.kang@allganize.ai,valid,ok,true,Moonsik,Kang,,Chief Technology Officer,https://www.linkedin.com/in/moonsik,Allganize,https://www.allganize.ai,amf,112954,2026-07-13
damien.thioulouse@asurion.com,asurion.com,Damien Thioulouse,"Head of AI, Director",damien.thioulouse@asurion.com,valid,ok,true,Damien,Thioulouse,,"Head of AI, Director",https://www.linkedin.com/in/damienthioulouse,Asurion,http://www.asurion.com,amf,112954,2026-07-13
clay.wheeler@riptidehq.com,riptidehq.com,Clay Wheeler,Head of artificial intelligence,clay.wheeler@riptidehq.com,valid,ok,true,Clay,Wheeler,,Head of Artificial Intelligence,https://www.linkedin.com/in/claywheeler,Riptide,http://www.riptidehq.com,amf,112954,2026-07-13
charlie@autotrainer.com,autotrainer.com,Charles Rose,Principal Software Engineer,charlie@autotrainer.com,valid,ok,true,Charles,Rose,,Head of Engineering,https://www.linkedin.com/in/charles-rose-324187b7,AutoTrainer,autotrainer.com,amf,112954,2026-07-13
anasr@forethought.ai,forethought.ai,Antoine Nasr,Senior Staff Machine Learning Engineer,anasr@forethought.ai,valid,ok,true,Antoine,N.,,Head of Artificial Intelligence,https://www.linkedin.com/in/anasr95,Forethought,http://www.forethought.ai,amf,112954,2026-07-13
eugene@flipcx.com,flipcx.com,Eugene Bann,Head of artificial intelligence,eugene@flipcx.com,valid,ok,true,Eugene,Bann,,Head of Artificial Intelligence,https://www.linkedin.com/in/eugenebann,Flip (formerly RedRoute),https://flipcx.com/,amf,112954,2026-07-13
taranjeet@searchunify.com,searchunify.com,Taranjeet Singh,Head of Artificial Intelligence,taranjeet@searchunify.com,valid,ok,true,Taranjeet,Singh,,Head of Artificial Intelligence,https://www.linkedin.com/in/taranjeet-singh-35565837,SearchUnify,https://www.searchunify.com/,amf,112954,2026-07-13
vikash@gounravel.com,gounravel.com,Vikash Singh,Head of Engineering,vikash@gounravel.com,valid,ok,true,Vikash,Singh,,Head of Engineering,https://www.linkedin.com/in/vikash-singh-7b830323,Unravel,https://unravelapp.com/,amf,112954,2026-07-13
satish.basavaraj@engagely.ai,engagely.ai,Satish Basavaraj,Chief Product Officer,satish.basavaraj@engagely.ai,valid,ok,true,Satish,Basavaraj,,Chief Product Officer,https://www.linkedin.com/in/satish-basavaraj-b3579715,Engagely.ai,https://www.engagely.ai/,amf,112954,2026-07-13
sumit.pachisia@privadocapital.in,privadocapital.in,Sumit Pachisia,Founder & Managing Partner,sumit.pachisia@privadocapital.in,valid,ok,true,Sumit,Pachisia,,Founder & Managing Partner,https://www.linkedin.com/in/sumit-pachisia-1454601,Privado Capital,http://www.privadocapital.in,amf,112954,2026-07-13
rmarques@gocontact.com,gocontact.com,Rui Marques,CEO,rmarques@gocontact.com,valid,ok,true,Rui,Marques,,Founder & CEO,https://www.linkedin.com/in/rumarques,The100s,,amf,112954,2026-07-13
bobby.tang@withmana.com,withmana.com,Bobby Tang,Chief Executive Officer,bobby.tang@withmana.com,valid,ok,true,Bobby,Tang,,Chief Executive Officer,https://www.linkedin.com/in/bobbytang,Mana,https://withmana.com,amf,112954,2026-07-13
henry.peacock@natterbox.com,natterbox.com,Henry Peacock,Global Enterprise Sales Manager,henry.peacock@natterbox.com,valid,ok,true,Henry,Peacock,,Global Enterprise Sales Manager,https://www.linkedin.com/in/henrypeacock,Natterbox,https://www.natterbox.com/,amf,112954,2026-07-13
mohamed.elmasry@tactful.ai,tactful.ai,Mohamed Elmasry,Host,mohamed.elmasry@tactful.ai,valid,ok,true,Mohamed,E.,,Host,https://www.linkedin.com/in/mohamedabdulghany,تجرٌبة العميل,,amf,112954,2026-07-13
ankit@fundamento.ai,fundamento.ai,Ankit Durga,Founder & CEO,ankit@fundamento.ai,valid,ok,true,Ankit,Durga,,Founder & CEO,https://www.linkedin.com/in/ankitdurga,Fundamento,https://fundamento.ai,amf,112954,2026-07-13
raymond.gilbert@veeva.com,veeva.com,Raymond Gilbert,Vice president of engineering,raymond.gilbert@veeva.com,valid,ok,true,Raymond,Gilbert,,Vice President of Engineering,https://www.linkedin.com/in/raymondgilbert,Ostro,https://ostro.veeva.com/,amf,112954,2026-07-13
tyson@jounce.ai,jounce.ai,Tyson Quick,Founder,tyson@jounce.ai,valid,ok,true,Tyson,Quick,,Strategic Advisor,https://www.linkedin.com/in/tysonquick,Hatchproof,www.hatchproof.com,amf,112954,2026-07-13
lucas.fenton@leapingai.com,leapingai.com,Lucas Fenton,Sales development representative,lucas.fenton@leapingai.com,valid,ok,true,Lucas,Fenton,,Sales Development Representative,https://www.linkedin.com/in/lucasfenton,Leaping AI,https://leapingai.com/?utm_source=linkedin&utm_medium=public_profile&utm_campaign=public_brand&utm_content=profile_link,amf,112954,2026-07-13
charlie@eight25media.com,eight25media.com,Charlie Darney,Technology consultant,charlie@eight25media.com,valid,ok,true,Charlie,Darney,,Technology Consultant,https://www.linkedin.com/in/codarney,eight25,http://www.eight25media.com,amf,112954,2026-07-13
aditya@infeedo.com,infeedo.com,Aditya Kumar,Svp product,aditya@infeedo.com,valid,ok,true,Aditya,Kumar,,SVP Product and Engineering,https://www.linkedin.com/in/adityakumar969,inFeedo,https://www.infeedo.ai,amf,112954,2026-07-13
varunpuri@infeedo.com,infeedo.com,Varun Puri,Co-Founder + CPO [after Amber's birth],varunpuri@infeedo.com,valid,ok,true,Varun,Puri,,Co-Founder + CPO [after Amber's birth],https://www.linkedin.com/in/varunpuriinfeedo,inFeedo,https://www.infeedo.ai,amf,112954,2026-07-13
samer.hijazi@azcare.ai,azcare.ai,"Samer L. Hijazi, Phd","Investor, Co-Founder & CEO",samer.hijazi@azcare.ai,valid,ok,true,Samer,"L. hijazi, phd",,Founder & CEO,https://www.linkedin.com/in/samerlhijazi,AZcare,https://AZcareAI.com,amf,112954,2026-07-13
yuval.shemesh@roojoom.com,roojoom.com,Yuval Shemesh,Co-Founder @ Executive Chairman,yuval.shemesh@roojoom.com,valid,ok,true,Yuval,Shemesh,,Co-Founder @ Executive Chairman,https://www.linkedin.com/in/yuvalshemesh,Roojoom,www.roojoom.com,amf,112954,2026-07-13
erel@jvpvc.com,jvpvc.com,Erel N. Margalit,Founder & Executive Chairman,erel@jvpvc.com,valid,ok,true,Erel,N. margalit,,Founder & Executive Chairman,https://www.linkedin.com/in/erelmargalit,JVP,http://www.jvpvc.com,amf,112954,2026-07-13
yuval.shemesh@roojoom.com,roojoom.com,Yuval Shemesh,CEO,yuval.shemesh@roojoom.com,valid,ok,true,Yuval,Shemesh,,CEO,https://www.linkedin.com/in/yuval-shemesh-41a1b5147,Roojoom,www.roojoom.com,amf,112954,2026-07-13
nir@unimastery.com,unimastery.com,Nir Zioni,CEO,nir@unimastery.com,valid,ok,true,Nir,Zioni,,CEO,https://www.linkedin.com/in/nirzioni,UniMastery,http://www.unimastery.com,amf,112954,2026-07-13
karan@intryc.com,intryc.com,Karan Puri,Incoming summer 2026 intern,karan@intryc.com,valid,ok,true,Karan,Puri,,Summer 2026 Intern,https://www.linkedin.com/in/karanpuri06,Intryc (YC S24),www.intryc.com,amf,112954,2026-07-13
akash.gm@robylon.ai,robylon.ai,Akash G M,GTM Strategy,akash.gm@robylon.ai,valid,ok,true,Akash,G m,,Founder's Office,https://www.linkedin.com/in/akashgm24,Robylon AI,https://www.robylon.ai,amf,112954,2026-07-13
arunmehta@mind-sol.net,mind-sol.net,Arun Mehta,Chief Executive Officer,arunmehta@mind-sol.net,valid,ok,true,Arun,Mehta,,Co-Founder,https://www.linkedin.com/in/arun-mehta-020a965,AR Genie Inc.,https://argenie.ai,amf,112954,2026-07-13
fernando.marcomini@umbrella.ch,umbrella.ch,Fernando B. Marcomini,"Business Development, LATAM",fernando.marcomini@umbrella.ch,valid,ok,true,Fernando,B. marcomini,,Founder & CEO,https://www.linkedin.com/in/fbmarcomini,FBM,,amf,112954,2026-07-13
everton@birdie.ai,birdie.ai,Everton A. Cherman,Co-founder & CTO,everton@birdie.ai,valid,ok,true,Everton,A. cherman,,Co-founder & CTO,https://www.linkedin.com/in/everton-cherman,Birdie,https://birdie.ai/,amf,112954,2026-07-13
sean@amperon.co,amperon.co,Sean Kelly,Co-Founder/CEO,sean@amperon.co,valid,ok,true,Sean,Kelly,,Co-Founder/CEO,https://www.linkedin.com/in/sean-kelly-0792626,Amperon,https://amperon.co,amf,112954,2026-07-13
terri.james@continu.com,continu.com,Terri James,Vp of product & customer success,terri.james@continu.com,valid,ok,true,Terri,J.,,VP of Product & Customer Success,https://www.linkedin.com/in/terri--james,Continu,https://www.continu.com,amf,112954,2026-07-13
fabrizio.aiello@stip.ai,stip.ai,Fabrizio Aiello,Founder & COO,fabrizio.aiello@stip.ai,valid,ok,true,Fabrizio,Aiello,,Founder & COO,https://www.linkedin.com/in/fabrizio-aiello,Stip,https://stip.ai/,amf,112954,2026-07-13
ksuresh@dataseers.ai,dataseers.ai,K Suresh,Vice President of Engineering,ksuresh@dataseers.ai,valid,ok,true,K,Suresh,,Vice President of Engineering,https://www.linkedin.com/in/k-suresh-868931ba,DataSeers,https://www.dataseers.ai,amf,112954,2026-07-13
stephen.culligan@brightflag.com,brightflag.com,Stephen Culligan,VP of Product,stephen.culligan@brightflag.com,valid,ok,true,Stephen,Culligan,,VP of Product,https://www.linkedin.com/in/stephen-culligan-6a690b52,Brightflag,https://brightflag.com,amf,112954,2026-07-13
prashant@microcurvetrading.com,microcurvetrading.com,Prashant Singh,Co-Founder and Director,prashant@microcurvetrading.com,valid,ok,true,Prashant,Singh,,Founder and Managing Director,https://www.linkedin.com/in/pkusingh,Quantbox Research,https://quantboxresearch.com/,amf,112954,2026-07-13
syadav@parlancecorp.com,parlancecorp.com,Sanjay Yadav,Head of Engineering,syadav@parlancecorp.com,valid,ok,true,Sanjay,Yadav,,Head of Engineering,https://www.linkedin.com/in/syadav,Parlance,http://www.parlancecorp.com,amf,112954,2026-07-13
pablo@azumo.com,azumo.com,Juan Pablo Lorandi,Chief Technology Officer,pablo@azumo.com,valid,ok,true,Juan pablo,Lorandi,,Chief Technology Officer,https://www.linkedin.com/in/jplorandi,"Azumo, LLC",https://azumo.com,amf,112954,2026-07-13
philipp.holly@blockpit.io,blockpit.io,Philipp Holly,Dev,philipp.holly@blockpit.io,valid,ok,true,Philipp,Holly,,Co-Founder,https://www.linkedin.com/in/pholly,Gateway Labs,http://www.gatewaylabs.co,amf,112954,2026-07-13
kit@skillyai.com,skillyai.com,Kit Mueller,Cofounder,kit@skillyai.com,valid,ok,true,Kit,Mueller,,Cofounder,https://www.linkedin.com/in/kitmueller,Skilly,https://www.SkillyAI.com,amf,112954,2026-07-13
rajiv@intelligaia.com,intelligaia.com,Rajiv Kaul,Co-founder/Chief Executive Officer,rajiv@intelligaia.com,valid,ok,true,Rajiv,Kaul,,Co-founder/Chief Executive Officer,https://www.linkedin.com/in/rajiv-kaul,Intelligaia,https://intelligaia.com/,amf,112954,2026-07-13
massimo@embarc.ai,embarc.ai,Massimo C.,Co-founder & customer lead,massimo@embarc.ai,valid,ok,true,Massimo,C.,,Customer Success Manager,https://www.linkedin.com/in/massimo-c,Parakeet Health,parakeethealth.com,amf,112954,2026-07-13
jefferson.mendes@birdie.ai,birdie.ai,Jefferson Gonçalves Mendes Junior,Operations & Customer Success Director,jefferson.mendes@birdie.ai,valid,ok,true,Jefferson gonçalves,Mendes junior,,Operations & Customer Success Director,https://www.linkedin.com/in/jefferson-mendes-jr,Birdie,https://birdie.ai/,amf,112954,2026-07-13
gustavo.saiago@birdie.ai,birdie.ai,Gustavo Saiago,"Director, Product & CX Evangelist",gustavo.saiago@birdie.ai,valid,ok,true,Gustavo,Saiago,,Professor,https://www.linkedin.com/in/gustavo-saiago,Paradox Academy,www.paradoxacademy.com.br,amf,112954,2026-07-13
kris.tomes@redpointglobal.com,redpointglobal.com,Kris Tomes,VP of Engineering,kris.tomes@redpointglobal.com,valid,ok,true,Kris,Tomes,,VP of Engineering,https://www.linkedin.com/in/kris-tomes,Redpoint Global Inc.,https://www.redpointglobal.com/,amf,112954,2026-07-13
akanksha@setloose.marketing,setloose.marketing,Akanksha Rai,Chief growth architect - set loose,akanksha@setloose.marketing,valid,ok,true,Akanksha,Rai,,Founder - Set Loose,https://www.linkedin.com/in/akanksharai,Set Loose,https://www.setloose.marketing,amf,112954,2026-07-13
katie.simon@unwrap.ai,unwrap.ai,Katie Simon,Customer Success Engineer,katie.simon@unwrap.ai,valid,ok,true,Katie,Simon,,Customer Success Engineer,https://www.linkedin.com/in/katiemsimon,Unwrap,http://unwrap.ai,amf,112954,2026-07-13
belinda@ocdanxietyhelp.com,ocdanxietyhelp.com,"Belinda Seiger, Phd, Lcsw",Founder/director,belinda@ocdanxietyhelp.com,valid,ok,true,Belinda,"Seiger, phd, lcsw",,Consultant,https://www.linkedin.com/in/ocdanxietyhelp,mpathic,https://www.mpathic.ai,amf,112954,2026-07-13
scott@dextr.ai,dextr.ai,Scott Arnold,Co-founder and cto,scott@dextr.ai,valid,ok,true,Scott,Arnold,,Co-Founder and CTO,https://www.linkedin.com/in/scottplusplus,Dextr AI,https://www.dextr.ai,amf,112954,2026-07-13
lesley.french@perqgroup.com,perqgroup.com,Lesley French Henneke,Chief executive officer,lesley.french@perqgroup.com,valid,ok,true,Lesley,French henneke,,Chief Executive Officer,https://www.linkedin.com/in/lesley-french-henneke-9303231,PERQ Group,,amf,112954,2026-07-13
steph@wordnerds.ai,wordnerds.ai,Steph Clish,Head of Product and Growth,steph@wordnerds.ai,valid,ok,true,Steph,Clish,,Head of Product and Growth,https://www.linkedin.com/in/steph-clish-b1177a4a,Wordnerds,http://www.wordnerds.ai,amf,112954,2026-07-13
venkata.raman@3analytics.com,3analytics.com,Venkata Raman Jagannathan,Director,venkata.raman@3analytics.com,valid,ok,true,Venkata raman,Jagannathan,,"Director, GP and Investment Counsel Partner",https://www.linkedin.com/in/venkataraman,Zero Dots,www.zerodotscapital.com,amf,112954,2026-07-13
adam.higgins@sanome.com,sanome.com,Adam Higgins,Strategic Advisor (RWE & Data Strategy),adam.higgins@sanome.com,valid,ok,true,Adam,Higgins,,THENA Capital fellow,https://www.linkedin.com/in/adam-higgins-7726621,THENA Capital,http://www.thenacapital.com,amf,112954,2026-07-13
vazirani@dreamingcode.com,dreamingcode.com,Akshay Vazirani,Ceo,vazirani@dreamingcode.com,valid,ok,true,Akshay,Vazirani,,CEO,https://www.linkedin.com/in/akshay-vazirani-86373,Dreaming Code,http://www.dreamingcode.com,amf,112954,2026-07-13
kosar.jaff@ruggededge.ai,ruggededge.ai,Kosar Jaff,Advisory Board Member,kosar.jaff@ruggededge.ai,valid,ok,true,Kosar,Jaff,,Strategic Advisor,https://www.linkedin.com/in/kosarjaff,Chatsi AI,http://chatsi.ai,amf,112954,2026-07-13
chris.vitale@dealertire.com,dealertire.com,Chris Vitale,"Vice president, consumer technology",chris.vitale@dealertire.com,valid,ok,true,Chris,Vitale,,"Vice President, Consumer Technology",https://www.linkedin.com/in/chris-vitale-283aa72,Dealer Tire,http://www.dealertire.com,amf,112954,2026-07-13
petermerola@merolatriangle.com,merolatriangle.com,Peter Merola,Founder and CEO,petermerola@merolatriangle.com,valid,ok,true,Peter,Merola,,Partner,https://www.linkedin.com/in/peter-merola,Marblism,https://marblism.com,amf,112954,2026-07-13
saqib@resemble.ai,resemble.ai,Saqib Muhammad,Co-Founder,saqib@resemble.ai,valid,ok,true,Saqib,Muhammad,,Co-Founder,https://www.linkedin.com/in/saqib-muhammad-6b324825,Resemble AI,https://www.resemble.ai/contact-us,amf,112954,2026-07-13
himanshu@weya.ai,weya.ai,Himanshu Tiwari,Co-Founder & COO,himanshu@weya.ai,valid,ok,true,Himanshu,Tiwari,,Co-Founder & COO,https://www.linkedin.com/in/himanshu-ht,Weya.ai,https://weya.ai,amf,112954,2026-07-13
mukunth@anyreach.ai,anyreach.ai,Mukunth Krishnasagar,Co-Founder & CTO,mukunth@anyreach.ai,valid,ok,true,Mukunth,Krishnasagar,,Co-Founder & CTO,https://www.linkedin.com/in/mukunth-krishnasagar-9943b7115,Anyreach,https://anyreach.ai/,amf,112954,2026-07-13
arkadiy.telegin@leapingai.com,leapingai.com,Arkadiy Telegin,Co-Founder,arkadiy.telegin@leapingai.com,valid,ok,true,Arkadiy,Telegin,,Co-Founder,https://www.linkedin.com/in/a-telegin,Leaping AI (YC W25),https://leapingai.com/?utm_source=linkedin&utm_medium=public_profile&utm_campaign=public_brand&utm_content=profile_link,amf,112954,2026-07-13
miguel@aloware.com,aloware.com,Miguel Pinto,Tech Lead,miguel@aloware.com,valid,ok,true,Miguel,Pinto,,Tech Lead,https://www.linkedin.com/in/miguelp,Aloware,https://www.aloware.com,amf,112954,2026-07-13
sheila@aloware.com,aloware.com,Sheila Muchnik,Customer Success Manager,sheila@aloware.com,valid,ok,true,Sheila,Muchnik,,Customer Success Manager,https://www.linkedin.com/in/sheila-muchnik-023b94128,Aloware,https://www.aloware.com,amf,112954,2026-07-13
ramin@packm.com,packm.com,Ramin Mesriani,Investor/ co-founder,ramin@packm.com,valid,ok,true,Ramin,Mesriani,,Investor/ Advisor to Founding Team,https://www.linkedin.com/in/ronniemesriani,Aloware,https://www.aloware.com,amf,112954,2026-07-13
robert@getthematic.com,getthematic.com,Robert Dumbleton,Data Science Team Lead,robert@getthematic.com,valid,ok,true,Robert,Dumbleton,,Data Science Team Lead,https://www.linkedin.com/in/robertdumbleton,Thematic,https://www.getthematic.com,amf,112954,2026-07-13
gurjeev.singh@ostrohealth.com,ostrohealth.com,Gurjeev Singh,Head of Product,gurjeev.singh@ostrohealth.com,valid,ok,true,Gurjeev,Singh,,Head of Product,https://www.linkedin.com/in/gurjeev-singh-b337b617,Ostro,https://ostro.veeva.com/,amf,112954,2026-07-13
javier@booster.cloud,booster.cloud,Javier Toledo,CTO and Core Team Member,javier@booster.cloud,valid,ok,true,Javier,Toledo,,CTO and Cofounder,https://www.linkedin.com/in/javiertoledomediavilla,The Agile Monkeys,https://theagilemonkeys.com,amf,112954,2026-07-13
muhammad@datalyticx.ai,datalyticx.ai,Muhammad Sarfraz,Co-Founder and CTO,muhammad@datalyticx.ai,valid,ok,true,Muhammad,Sarfraz,,Co-Founder and CTO,https://www.linkedin.com/in/muhammad-sarfraz-b66ba6201,"Datalytics24 - Basket, inc.",https://www.datalyticx.ai,amf,112954,2026-07-13
pratik@outplay.ai,outplay.ai,Pratik Jain,Chief product officer,pratik@outplay.ai,valid,ok,true,Pratik,Jain,,Chief Product Officer,https://www.linkedin.com/in/pratikjain43,Outplay,https://outplay.ai/,amf,112954,2026-07-13
imtiaz@engati.com,engati.com,Imtiaz Bellary,"Co-Founder, MD & CPO",imtiaz@engati.com,valid,ok,true,Imtiaz,Bellary,,Co-Founder & MD,https://www.linkedin.com/in/imtiaz-bellary-29ba9b23,Engati,https://www.engati.ai,amf,112954,2026-07-13
dmao@stanford.edu,stanford.edu,David Mao,Applied ml researcher,dmao@stanford.edu,valid,ok,true,David,Mao,,Founding Member,https://www.linkedin.com/in/davidmao1,Symbal,https://www.symbal.ai/,amf,112954,2026-07-13
sathiya.thulasidas@ephanti.com,ephanti.com,Sathiya Thulasidas,"Vice President, Gen AI Products",sathiya.thulasidas@ephanti.com,valid,ok,true,Sathiya,Thulasidas,,Head of Products,https://www.linkedin.com/in/sathiyat,Ephanti Inc,www.ephanti.com,amf,112954,2026-07-13
sachin@voicing.ai,voicing.ai,Sachin Chandra,Head of Product and Technology,sachin@voicing.ai,valid,ok,true,Sachin,Chandra,,Head of Product and Technology,https://www.linkedin.com/in/sachin-chandra-043a0178,Voicing AI,https://www.voicing.ai/,amf,112954,2026-07-13
mayank.shekhar@robylon.ai,robylon.ai,Mayank Shekhar,Co-Founder & CTO,mayank.shekhar@robylon.ai,valid,ok,true,Mayank,Shekhar,,Co-Founder & CTO,https://www.linkedin.com/in/mshekhar7,Robylon AI,https://www.robylon.ai,amf,112954,2026-07-13
abhran@pixis.ai,pixis.ai,Abhran Anurag,Vice President Midmarket,abhran@pixis.ai,valid,ok,true,Abhran,Anurag,,Cofounder - Chief Product & Operating Officer,https://www.linkedin.com/in/abhran,Voicing AI,https://www.voicing.ai/,amf,112954,2026-07-13
felipe.hilgenberg@connectly.ai,connectly.ai,Felipe Hilgenberg,Head of AI,felipe.hilgenberg@connectly.ai,valid,ok,true,Felipe,Hilgenberg,,Head of AI,https://www.linkedin.com/in/felipehilgenberg,Connectly.ai,http://connectly.ai,amf,112954,2026-07-13
vithushan@ideaboxai.com,ideaboxai.com,Vithushan Sylvester,Co-Founder & Chief Architect,vithushan@ideaboxai.com,valid,ok,true,Vithushan,Sylvester,,Co-Founder & CTO,https://www.linkedin.com/in/msvithushan,IdeaboxAI,https://www.linkedin.com/redir/suspicious-page?url=https%3A%2F%2Fideaboxai%2ecom%2F,amf,112954,2026-07-13
magnus@openstream.com,openstream.com,Magnus Revang,Chief Product Officer,magnus@openstream.com,valid,ok,true,Magnus,Revang,,Chief Product Officer,https://www.linkedin.com/in/magnusrevang,Openstream.AI,https://www.openstream.ai,amf,112954,2026-07-13
paola@connectly.ai,connectly.ai,Paola M. Botelho,Head of ai sales,paola@connectly.ai,valid,ok,true,Paola,M. botelho,,Head of AI Sales,https://www.linkedin.com/in/paola-m-botelho-19015197,Connectly.ai,http://connectly.ai,amf,112954,2026-07-13
narayana@saastify.ai,saastify.ai,Siva Narayana V,Chief technology officer,narayana@saastify.ai,valid,ok,true,Siva narayana,V,,Co-Founder,https://www.linkedin.com/in/sivanv,SaaStify | Ecommerce Simplified,https://www.saastify.ai/,amf,112954,2026-07-13
alagu@peoplebox.ai,peoplebox.ai,Alagu Muthuraman,Co-Founder,alagu@peoplebox.ai,valid,ok,true,Alagu,Muthuraman,,Co-Founder,https://www.linkedin.com/in/alagu2,Peoplebox,https://www.peoplebox.ai,amf,112954,2026-07-13
birkan.icacan@enterpret.com,enterpret.com,Birkan Icacan,VP of Product,birkan.icacan@enterpret.com,valid,ok,true,Birkan,Icacan,,VP of Product,https://www.linkedin.com/in/birkanicacan,Enterpret,https://www.enterpret.com,amf,112954,2026-07-13
abhimanyu@unravelapp.com,unravelapp.com,Abhimanyu Dasgupta,Co-Founder,abhimanyu@unravelapp.com,valid,ok,true,Abhimanyu,Dasgupta,,Co-Founder,https://www.linkedin.com/in/abhimanyudasgupta,Unravel,https://unravelapp.com/,amf,112954,2026-07-13
gopi@enterpret.com,enterpret.com,Gopi K,Founding Engineer,gopi@enterpret.com,valid,ok,true,Gopi,K,,Head of Frontend Engineering,https://www.linkedin.com/in/gopi-k-81874786,Enterpret,https://www.enterpret.com,amf,112954,2026-07-13
sagar@teamsurfboard.com,teamsurfboard.com,Sagar Haria,Head of Product,sagar@teamsurfboard.com,valid,ok,true,Sagar,Haria,,Head of Product,https://www.linkedin.com/in/sagar-haria,Surfboard,https://www.teamsurfboard.com/,amf,112954,2026-07-13
tyler@beninc.ai,beninc.ai,Tyler Luck,Chief product officer,tyler@beninc.ai,valid,ok,true,Tyler,Luck,,Chief Executive Officer,https://www.linkedin.com/in/tyler-luck,"BEN - Brand Engagement Network, Inc.",https://brandengagementnetwork.com/,amf,112954,2026-07-13
ranjit@altizon.com,altizon.com,Ranjit Nair,"Co-founder, CTO",ranjit@altizon.com,valid,ok,true,Ranjit,Nair,,"Co-founder, CTO",https://www.linkedin.com/in/rnair77,Altizon Systems,http://www.altizon.com,amf,112954,2026-07-13
conor.oneill@servisbot.com,servisbot.com,Conor O'neill,Vp product & engineering,conor.oneill@servisbot.com,valid,ok,true,Conor,O'neill,,VP Product & Engineering,https://www.linkedin.com/in/conoroneill,ServisBOT,http://servisbot.com,amf,112954,2026-07-13
eric.stone@journey.ai,journey.ai,Eric Stone,Chief technology officer,eric.stone@journey.ai,valid,ok,true,Eric,S.,,Chief Technology Officer,https://www.linkedin.com/in/stoneric,Journey,http://www.journey.ai/,amf,112954,2026-07-13
ssawant@parakeethealth.com,parakeethealth.com,Sumedh Sawant,VP of Engineering,ssawant@parakeethealth.com,valid,ok,true,Sumedh,Sawant,,VP of Engineering,https://www.linkedin.com/in/sumedh-sawant,Parakeet Health,parakeethealth.com,amf,112954,2026-07-13
lokeshr@zenarate.com,zenarate.com,Lokesh Raisinghani,Vice President of Product and Engineering,lokeshr@zenarate.com,valid,ok,true,Lokesh,Raisinghani,,Vice President of Product and Engineering,https://www.linkedin.com/in/lokeshraisinghani,Zenarate,http://zenarate.com,amf,112954,2026-07-13
jp@complexio.com,complexio.com,James Peacock,Head of Product,jp@complexio.com,valid,ok,true,James,Peacock,,Head of Product,https://www.linkedin.com/in/jameskdpeacock,Complexio,https://complexio.com,amf,112954,2026-07-13
vishals@searchunify.com,searchunify.com,Vishal Sharma,CTO SearchUnify,vishals@searchunify.com,valid,ok,true,Vishal,Sharma,,CTO SearchUnify,https://www.linkedin.com/in/vishalsharmacse,SearchUnify,https://www.searchunify.com/,amf,112954,2026-07-13
sandeep.v@dataorb.ai,dataorb.ai,Sandeep Vanga,Co-Founder & CTO,sandeep.v@dataorb.ai,valid,ok,true,Sandeep,Vanga,,Co-Founder & CTO,https://www.linkedin.com/in/sandeepvanga,DataOrb Inc.,https://www.dataorb.ai,amf,112954,2026-07-13
dc@aiphoria.ai,aiphoria.ai,Denis Chernilevskiy,CEO & Co-founder,dc@aiphoria.ai,valid,ok,true,Denis,Chernilevskiy,,Co-Founder,https://www.linkedin.com/in/denis-chernilevskiy-2b2b1859,Acclaim AI,https://acclaim.ai,amf,112954,2026-07-13
chris@finmile.co,finmile.co,Chris Sargeant,Co-Founder & COO,chris@finmile.co,valid,ok,true,Chris,Sargeant,,Co-Founder & COO,https://www.linkedin.com/in/chrisjsargeant,Finmile,https://www.finmile.co,amf,112954,2026-07-13
michaelm@sytel.com,sytel.com,Michael Mckinlay,Ceo,michaelm@sytel.com,valid,ok,true,Michael,Mckinlay,,CEO,https://www.linkedin.com/in/michael-mckinlay-941554,Sytel Limited,https://www.sytel.com,amf,112954,2026-07-13
tomer@notch.cx,notch.cx,Tomer Yona,Head of Solutions Engineering,tomer@notch.cx,valid,ok,true,Tomer,Yona,,Head of Solutions Engineering,https://www.linkedin.com/in/tomeryona,Notch,https://www.notch.cx,amf,112954,2026-07-13
tbaxter@dryviq.com,dryviq.com,Terry Baxter,Chief Technology Officer,tbaxter@dryviq.com,valid,ok,true,Terry,Baxter,,Chief Technology Officer,https://www.linkedin.com/in/tdbaxter,DryvIQ,http://www.dryviq.com,amf,112954,2026-07-13
krishna.kadiri@senseforth.ai,senseforth.ai,Krishna Kadiri,Co-Founder,krishna.kadiri@senseforth.ai,valid,ok,true,Krishna,Kadiri,,Co-Founder,https://www.linkedin.com/in/krishnakadiri,Senseforth.ai,https://www.senseforth.ai,amf,112954,2026-07-13
gs@inten.to,inten.to,Grigory Sapunov,Co-founder and cto,gs@inten.to,valid,ok,true,Grigory,Sapunov,,co-Founder and CTO,https://www.linkedin.com/in/grigorysapunov,Inten.to,http://inten.to,amf,112954,2026-07-13
mangal.anandan@firstinsight.com,firstinsight.com,Mangal Anandan,Chief Technology Officer,mangal.anandan@firstinsight.com,valid,ok,true,Mangal,A.,,Chief Technology Officer,https://www.linkedin.com/in/mangalprasad,"First Insight, Inc.",https://www.firstinsight.com/,amf,112954,2026-07-13
terry@appliedlabs.ai,appliedlabs.ai,Terry Lee,Head of Operations,terry@appliedlabs.ai,valid,ok,true,Terry,Lee,,Head of Operations,https://www.linkedin.com/in/terryjohnlee,"Applied Labs, Inc.",https://appliedlabs.ai/,amf,112954,2026-07-13
awnee@tryhamsa.com,tryhamsa.com,Awnee Banna,Co-Founder & CBO at Hamsa AI,awnee@tryhamsa.com,valid,ok,true,Awnee,Banna,,Co-Founder & CBO at Hamsa AI,https://www.linkedin.com/in/awnee,Hamsa,tryhamsa.com,amf,112954,2026-07-13
yossi@hear.ai,hear.ai,Yossi Marouani,Chief technology officer,yossi@hear.ai,valid,ok,true,Yossi,Marouani,,Chief Technology Officer,https://www.linkedin.com/in/yossimarouani,hear,https://www.hear.ai,amf,112954,2026-07-13
neil.hammerton@natterbox.com,natterbox.com,Neil Hammerton,Chief Executive Officer,neil.hammerton@natterbox.com,valid,ok,true,Neil,Hammerton,,Chief Executive Officer,https://www.linkedin.com/in/neil-hammerton-natterbox,Natterbox,https://www.natterbox.com/,amf,112954,2026-07-13
jaidev@outoftheblue.ai,outoftheblue.ai,Jaidev Karanth,Head of Engineering - Out of the Blue,jaidev@outoftheblue.ai,valid,ok,true,Jaidev,Karanth,,Head of Engineering - Out of the Blue,https://www.linkedin.com/in/jaidev-karanth,Out Of The Blue™,http://www.outoftheblue.ai,amf,112954,2026-07-13
paul.field@inicio.ai,inicio.ai,Paul Field,"CTO, inicio.ai",paul.field@inicio.ai,valid,ok,true,Paul,Field,,"CTO, inicio.ai",https://www.linkedin.com/in/paul-field-245402,Inicio AI,https://inicio.ai,amf,112954,2026-07-13
siddhant.jain@100ms.ai,100ms.ai,Siddhant Jain,Founder's Office,siddhant.jain@100ms.ai,valid,ok,true,Siddhant,Jain,,Founder's Office,https://www.linkedin.com/in/siddhant-jain-8947b7141,100ms,https://www.100ms.ai/,amf,112954,2026-07-13
vinay.gupta@collaborationroom.ai,collaborationroom.ai,Vinay Gupta,Chief Product Officer,vinay.gupta@collaborationroom.ai,valid,ok,true,Vinay,Gupta,,Chief Product Officer,https://www.linkedin.com/in/vinaygupta35,CollaborationRoom.ai,https://collaborationroom.ai,amf,112954,2026-07-13
paul.pintiliescu@zerobounce.net,zerobounce.net,Paul Pintiliescu,Chief Technology Officer,paul.pintiliescu@zerobounce.net,valid,ok,true,Paul,Pintiliescu,,Chief Technology Officer,https://www.linkedin.com/in/paulpmeuk,ZeroBounce,https://www.zerobounce.net,amf,112954,2026-07-13
iain.reid@aide.health,aide.health,Iain Reid,Chief Product Officer / Founding Team,iain.reid@aide.health,valid,ok,true,Iain,Reid,,Chief Product Officer / Founding Team,https://www.linkedin.com/in/iain-reid-997a7641,Aide Health,http://www.aide.health,amf,112954,2026-07-13
jad@forethought.ai,forethought.ai,Jad Chamoun,Chief Technology Officer,jad@forethought.ai,valid,ok,true,Jad,Chamoun,,Chief Technology Officer,https://www.linkedin.com/in/jad-chamoun,Forethought,http://www.forethought.ai,amf,112954,2026-07-13
nandini@weya.ai,weya.ai,Nandini Agarwal,Founder's Office - Client Facing Generalist,nandini@weya.ai,valid,ok,true,Nandini,Agarwal,,Founder's Office - Client Facing Generalist,https://www.linkedin.com/in/nandini-agarwal-na1706001,weya AI,https://weya.ai,amf,112954,2026-07-13
rami.ricanati@roojoom.com,roojoom.com,Rami Ricanati,Co-Founder and COO (Hiring!),rami.ricanati@roojoom.com,valid,ok,true,Rami,Ricanati,,Co-Founder and COO (Hiring!),https://www.linkedin.com/in/rami-ricanati-7793413,Roojoom,www.roojoom.com,amf,112954,2026-07-13
aditya.jaiswal@klearcom.com,klearcom.com,Aditya Jaiswal,Head of Engineering & Support,aditya.jaiswal@klearcom.com,valid,ok,true,Aditya,Jaiswal,,Head of Engineering & Support,https://www.linkedin.com/in/aditya-jaiswal-47b95216,Klearcom,http://www.klearcom.com,amf,112954,2026-07-13
ronen@loris.ai,loris.ai,Ronen Ben Ari,Head of Product,ronen@loris.ai,valid,ok,true,Ronen,Ben ari,,Head of Product,https://www.linkedin.com/in/ronenbenari,Loris,https://loris.ai/?utm_medium=social&utm_source=linkedin&utm_campaign=evergreen&utm_content=loris-profile,amf,112954,2026-07-13
aryan.pillai@debales.ai,debales.ai,Aryan S Pillai,Co-Founder,aryan.pillai@debales.ai,valid,ok,true,Aryan s,Pillai,,Co-Founder & Chief Delivery Officer,https://www.linkedin.com/in/aryan-s-pillai,Debales AI,https://debales.ai,amf,112954,2026-07-13
jmedley@perq.com,perq.com,Josh Medley,Vice President of Product,jmedley@perq.com,valid,ok,true,Josh,Medley,,Vice President of Product,https://www.linkedin.com/in/medleyjoshuaj,PERQ,http://www.perq.com,amf,112954,2026-07-13
chris.diaz@scala.ai,scala.ai,Chris Diaz,VP of Engineering,chris.diaz@scala.ai,valid,ok,true,Chris,Diaz,,VP of Engineering,https://www.linkedin.com/in/chrisdiaz,Scala,https://scala.ai,amf,112954,2026-07-13
tali.bartal@supportlogic.com,supportlogic.com,Tali Bartal,Director of Product Management,tali.bartal@supportlogic.com,valid,ok,true,Tali,Bartal,,Head of Product,https://www.linkedin.com/in/tali-bartal,SupportLogic,http://supportlogic.com,amf,112954,2026-07-13
tarun.mehta@argenie.ai,argenie.ai,Tarun Mehta,Chief executive officer,tarun.mehta@argenie.ai,valid,ok,true,Tarun,Mehta,,Chief Executive Officer,https://www.linkedin.com/in/tarun-mehta-sf,AR Genie Inc.,https://argenie.ai,amf,112954,2026-07-13
ian@getpuppeteer.ai,getpuppeteer.ai,Ian Spektor,Chief Technology Officer,ian@getpuppeteer.ai,valid,ok,true,Ian,Spektor,,Chief Technology Officer,https://www.linkedin.com/in/ianspektor,Puppeteer AI,https://puppeteerai.com/,amf,112954,2026-07-13
juston.warthen@doppel.com,doppel.com,Juston Warthen,"Business Development, Enterprise",juston.warthen@doppel.com,valid,ok,true,Juston,Warthen,,Business Development Representative,https://www.linkedin.com/in/justonwarthen,Wonderly,www.wonderly.com,amf,112954,2026-07-13
tausif@voicing.ai,voicing.ai,Tausif Iqbal,Founding Member & Head of AI and Research,tausif@voicing.ai,valid,ok,true,Tausif,Iqbal,,Co-founder & Chief AI Officer,https://www.linkedin.com/in/tausif-iqbal-77819a182,Voicing AI,https://www.voicing.ai/,amf,112954,2026-07-13
guoguo@vobil.com,vobil.com,Guoguo Chen,Co-founder and CTO,guoguo@vobil.com,valid,ok,true,Guoguo,Chen,,Co-founder and CTO,https://www.linkedin.com/in/guoguo-chen,Vobil.com,https://www.vobil.com,amf,112954,2026-07-13
kalpana@amperon.co,amperon.co,Kalpana Narayanaswamy,VP of Engineering,kalpana@amperon.co,valid,ok,true,Kalpana,Narayanaswamy,,VP of Engineering,https://www.linkedin.com/in/kalpanan,Amperon,https://amperon.co,amf,112954,2026-07-13
arawat@3clogic.com,3clogic.com,Anshuman Rawat,"CTO, VP Product",arawat@3clogic.com,valid,ok,true,Anshuman,Rawat,,"CTO, VP Product",https://www.linkedin.com/in/anshuman-rawat-b20748,3CLogic,http://www.3clogic.com,amf,112954,2026-07-13
doron@centrical.com,centrical.com,Doron Neumann,CTO,doron@centrical.com,valid,ok,true,Doron,Neumann,,CTO,https://www.linkedin.com/in/doronneumann,Centrical,https://centrical.com,amf,112954,2026-07-13
partha.ghosh@sainapse.ai,sainapse.ai,Partha Pratim Ghosh,"Co-founder, chief scientist & cto",partha.ghosh@sainapse.ai,valid,ok,true,Partha pratim,Ghosh,,"Co-Founder, Chief Scientist & CTO",https://www.linkedin.com/in/parthapratimghosh1,Sainapse,https://sainapse.ai,amf,112954,2026-07-13
mattwilliamson@linklive.ai,linklive.ai,Matt Williamson,VP of Engineering,mattwilliamson@linklive.ai,valid,ok,true,Matt,Williamson,,VP of Engineering,https://www.linkedin.com/in/matt-williamson-8a884447,LinkLive,https://linklive.ai/,amf,112954,2026-07-13
arvand.owji@speechicon.ai,speechicon.ai,Arvand Owji,Cto,arvand.owji@speechicon.ai,valid,ok,true,Arvand,Owji,,CTO,https://www.linkedin.com/in/aowji,Speechicon,https://speechicon.ai,amf,112954,2026-07-13
dimi@intryc.com,intryc.com,Dimitrios Ilias,Co-Founder & CTO,dimi@intryc.com,valid,ok,true,Dimitrios,Ilias,,founder,https://www.linkedin.com/in/dimilias,Stealth AI Startup,,amf,112954,2026-07-13
jonathan.louey@redbird.io,redbird.io,Jonathan Louey,"Vice President, Product & Operations",jonathan.louey@redbird.io,valid,ok,true,Jonathan,Louey,,"Vice President, Product & Operations",https://www.linkedin.com/in/jonathan-louey-34860324,Redbird,http://www.redbird.io,amf,112954,2026-07-13
sahay.anubhav@100ms.ai,100ms.ai,Anubhav Sahay,V p engineering,sahay.anubhav@100ms.ai,valid,ok,true,Anubhav,Sahay,,V P Engineering,https://www.linkedin.com/in/anubhav-sahay-7772751,100ms,https://www.100ms.ai/,amf,112954,2026-07-13
oded.sagie@aquant.ai,aquant.ai,Oded Sagie,Senior VP Product and R&D,oded.sagie@aquant.ai,valid,ok,true,Oded,Sagie,,Senior VP Product and R&D,https://www.linkedin.com/in/odedkal,Aquant,http://www.aquant.ai,amf,112954,2026-07-13
a.vovk@recombine.ai,recombine.ai,Anastasiya Vovk,Head of Product,a.vovk@recombine.ai,valid,ok,true,Anastasiya,Vovk,,Chief Product Officer,https://www.linkedin.com/in/anastasiyavovk,Recombine AI,https://recombine.ai/,amf,112954,2026-07-13
neeraj.tripathi@flyfish.ai,flyfish.ai,Neeraj Tripathi,Chief Product Officer,neeraj.tripathi@flyfish.ai,valid,ok,true,Neeraj,Tripathi,,Chief Product Officer,https://www.linkedin.com/in/neeraj-tripathi-7520822,Flyfish,https://www.flyfish.ai/,amf,112954,2026-07-13
tony.daly@aide.health,aide.health,Tony Daly,Chief Technology Officer,tony.daly@aide.health,valid,ok,true,Tony,Daly,,Chief Technology Officer,https://www.linkedin.com/in/tonydaly,Aide Health,http://www.aide.health,amf,112954,2026-07-13
franklin.marcelo@flexi.cx,flexi.cx,Franklin Marcelo,CEO,franklin.marcelo@flexi.cx,valid,ok,true,Franklin,Marcelo,,CEO,https://www.linkedin.com/in/franklinmarcelo,Flexi.cx,http://www.flexi.cx,amf,112954,2026-07-13
chris@quipli.com,quipli.com,Chris Ibarra,Head of Engineering,chris@quipli.com,valid,ok,true,Chris,Ibarra,,Head of Engineering,https://www.linkedin.com/in/carrabi,Quipli,https://www.quipli.com,amf,112954,2026-07-13
alan@syndeo.cx,syndeo.cx,Alan Beck,CTO,alan@syndeo.cx,valid,ok,true,Alan,Beck,,CTO,https://www.linkedin.com/in/alan-beck,Syndeo.cx,http://www.syndeo.cx,amf,112954,2026-07-13
phili@attrb.io,attrb.io,Hili Paryenti,Director of Product Management,phili@attrb.io,valid,ok,true,Hili,Paryenti,,VP of Product Management,https://www.linkedin.com/in/hili-paryenti-739257191,Attribute,https://attrb.io,amf,112954,2026-07-13
soham@appliedlabs.ai,appliedlabs.ai,Soham Waychal,Chief Technology Officer,soham@appliedlabs.ai,valid,ok,true,Soham,Waychal,,Chief Technology Officer,https://www.linkedin.com/in/soham-waychal-a7b7bb138,Applied Labs AI,https://appliedlabs.ai/,amf,112954,2026-07-13
saschinger@foxen.com,foxen.com,Squire Aschinger,VP of Product,saschinger@foxen.com,valid,ok,true,Squire,Aschinger,,VP of Product,https://www.linkedin.com/in/carlaschinger,Foxen,http://www.foxen.com,amf,112954,2026-07-13
joowon.kim@coxwave.com,coxwave.com,Joowon Kim,Co-Founder,joowon.kim@coxwave.com,valid,ok,true,Joowon,Kim,,Co-Founder,https://www.linkedin.com/in/joowon-kim-a9147415b,Coxwave,,amf,112954,2026-07-13
maksim@recourseai.com,recourseai.com,Maksim Belousov,Co-founder and CTO,maksim@recourseai.com,valid,ok,true,Maksim,Belousov,,Co-founder and CTO,https://www.linkedin.com/in/mbelousov,Recourse AI,http://recourseai.com,amf,112954,2026-07-13
ryan.irwin@oracle.com,oracle.com,Ryan Irwin,Head of Product,ryan.irwin@oracle.com,valid,ok,true,Ryan,Irwin,,Head of Product,https://www.linkedin.com/in/ryanpirwin,Opower,http://opower.com/,amf,112954,2026-07-13
minh.le@filum.ai,filum.ai,Minh Le,Chief Customer Officer,minh.le@filum.ai,valid,ok,true,Minh,Le,,Co-Founder & Chief Customer Officer,https://www.linkedin.com/in/ldminh,Filum.ai,https://www.filum.ai,amf,112954,2026-07-13
joe@sunbeam.cx,sunbeam.cx,Joe Cainey,Co-Founder,joe@sunbeam.cx,valid,ok,true,Joe,Cainey,,Co-Founder,https://www.linkedin.com/in/joecainey,Sunbeam,https://www.sunbeam.cx,amf,112954,2026-07-13
sean@simbolo.io,simbolo.io,Sean Edmiston,Chief Technology Officer,sean@simbolo.io,valid,ok,true,Sean,Edmiston,,Chief Scientist,https://www.linkedin.com/in/seanedmiston,Complexio,https://complexio.com,amf,112954,2026-07-13
aarthi@100ms.ai,100ms.ai,Aarthi Thirumalai,VP of Engineering,aarthi@100ms.ai,valid,ok,true,Aarthi,Thirumalai,,VP of Engineering,https://www.linkedin.com/in/aarthipriya,100ms,https://www.100ms.ai/,amf,112954,2026-07-13
thanasis@intryc.com,intryc.com,Thanasis Daglis,Founding Engineer,thanasis@intryc.com,valid,ok,true,Thanasis,Daglis,,Head of Engineering,https://www.linkedin.com/in/tdaglis,Intryc (YC S24),www.intryc.com,amf,112954,2026-07-13
vlad.pashchenko@asknicely.com,asknicely.com,Vlad Pashchenko,Vp of product and engineering,vlad.pashchenko@asknicely.com,valid,ok,true,Vlad,Pashchenko,,VP of Product and Engineering,https://www.linkedin.com/in/vlad-pashchenko,AskNicely,https://www.asknicely.com,amf,112954,2026-07-13
ijas@petavue.com,petavue.com,Ijas Ahamed,Co-Founder,ijas@petavue.com,valid,ok,true,Ijas,Ahamed,,Co-Founder,https://www.linkedin.com/in/ijasnahamed,Petavue,https://petavue.com,amf,112954,2026-07-13
omerk@revuze.it,revuze.it,Omer Kehat,VP Product,omerk@revuze.it,valid,ok,true,Omer,Kehat,,VP Product,https://www.linkedin.com/in/omer-kehat-bbb68b4,Revuze,http://www.revuze.it,amf,112954,2026-07-13
nick.petro@firstinsight.com,firstinsight.com,Nick Petro,Vice President of Engineering & Product,nick.petro@firstinsight.com,valid,ok,true,Nick,Petro,,Vice President of Engineering & Product,https://www.linkedin.com/in/nick-petro,"First Insight, Inc.",https://www.firstinsight.com/,amf,112954,2026-07-13
catherine@innovationspace.org,innovationspace.org,Catherine Burch,Head of acceleration programs,catherine@innovationspace.org,valid,ok,true,Catherine,B.,,Head of Acceleration Programs,https://www.linkedin.com/in/catherineburch,The Innovation Space,http://www.innovationspace.org,amf,112954,2026-07-13
kevin.dang@ipaysmart.ai,ipaysmart.ai,Kevin Dang,Vice president product engineering,kevin.dang@ipaysmart.ai,valid,ok,true,Kevin,Dang,,Vice President Product Engineering,https://www.linkedin.com/in/kevintdang,iPaySmart,https://www.ipaysmart.ai/,amf,112954,2026-07-13
tony.thomas@ust.com,ust.com,Tony M.,Executive — technology modernization & ai strategy,tony.thomas@ust.com,valid,ok,true,Tony,M.,,Chief Information Officer,https://www.linkedin.com/in/mcdonoab,Healthyr,www.healthyr.com,amf,112954,2026-07-13
craig.boal@languageio.com,languageio.com,Craig Boal,VP Software Development,craig.boal@languageio.com,valid,ok,true,Craig,Boal,,VP Software Development,https://www.linkedin.com/in/craig-boal,Language I/O,http://www.languageio.com,amf,112954,2026-07-13
amir.salama@stip.ai,stip.ai,Amir Salama,CTO & Co-Founder,amir.salama@stip.ai,valid,ok,true,Amir,Salama,,CTO & Co-Founder,https://www.linkedin.com/in/amir-salama,Stip,https://stip.ai/,amf,112954,2026-07-13
ashley.hayes@brightflag.com,brightflag.com,Ashley H.,Chief Technology Officer,ashley.hayes@brightflag.com,valid,ok,true,Ashley,H.,,Chief Technology Officer,https://www.linkedin.com/in/ashleyhayes-ie,Brightflag,https://brightflag.com,amf,112954,2026-07-13
ian.clayton@redpointglobal.com,redpointglobal.com,Ian Clayton,Chief product officer,ian.clayton@redpointglobal.com,valid,ok,true,Ian,Clayton,,Chief Product Officer,https://www.linkedin.com/in/ijclayton,Redpoint Global Inc.,https://www.redpointglobal.com/,amf,112954,2026-07-13
jsemler@curatelyai.com,curatelyai.com,Julie Semler,Vp product enablement,jsemler@curatelyai.com,valid,ok,true,Julie,Semler,,VP Product Enablement,https://www.linkedin.com/in/julie-semler-64867b,Curately.ai,https://www.curately.AI,amf,112954,2026-07-13
michael.schippert@continu.com,continu.com,Michael Schippert,VP of Engineering,michael.schippert@continu.com,valid,ok,true,Michael,Schippert,,VP of Engineering,https://www.linkedin.com/in/michaelschippert,Continu,https://www.continu.com,amf,112954,2026-07-13
mirant@wotnot.io,wotnot.io,Mirant Hingrajia,Chief Technology Officer,mirant@wotnot.io,valid,ok,true,Mirant,Hingrajia,,Chief Technology Officer,https://www.linkedin.com/in/mirant,WotNot,https://wotnot.io/,amf,112954,2026-07-13
rosorio@softwaretoolbox.com,softwaretoolbox.com,Rodrigo Restrepo Osorio,Senior Technical Application Consultant Lead,rosorio@softwaretoolbox.com,valid,ok,true,Rodrigo,Restrepo osorio,,Head of Product & Technology,https://www.linkedin.com/in/rodrigo-restrepo-osorio-939721115,Software Toolbox,https://softwaretoolbox.com,amf,112954,2026-07-13
eric@quipli.com,quipli.com,Eric Thelen,Head of product,eric@quipli.com,valid,ok,true,Eric,Thelen,,Head of Product,https://www.linkedin.com/in/ericthelen,Quipli,https://www.quipli.com,amf,112954,2026-07-13
taylor.wilmer@reya.net,reya.net,"Taylor Wilmer, Ph.d. Abpp",Clinical operations specialist,taylor.wilmer@reya.net,valid,ok,true,Taylor,"Wilmer, ph.d. abpp",,Clinical Research Lead,https://www.linkedin.com/in/taylor-wilmer-ph-d-abpp-79639743,Teleo,https://www.teleo.space,amf,112954,2026-07-13
anuj@bakstage.ai,bakstage.ai,Anuj K.,Chief technology officer & co-founder,anuj@bakstage.ai,valid,ok,true,Anuj,K.,,Chief Technology Officer & Co-founder,https://www.linkedin.com/in/anuj-k-897a64175,Bakstage.AI,https://bakstage.ai,amf,112954,2026-07-13
robbie.rice@natterbox.com,natterbox.com,Robbie Rice,Global Head of Product,robbie.rice@natterbox.com,valid,ok,true,Robbie,R.,,Global Head of Product,https://www.linkedin.com/in/robertjonrice,Natterbox,https://www.natterbox.com/,amf,112954,2026-07-13
seyed@humanix.ai,humanix.ai,Seyed Ahmadinejad,"Founding member, engineering leader, chief architect",seyed@humanix.ai,valid,ok,true,Seyed,Ahmadinejad,,"Founding Member, Engineering Leader, Chief Architect",https://www.linkedin.com/in/seyed-ahmadinejad,Humanix,https://www.humanix.ai,amf,112954,2026-07-13
andrew@staffingengine.ai,staffingengine.ai,Andrew Kimmell,Co-Founder,andrew@staffingengine.ai,valid,ok,true,Andrew,Kimmell,,Co-Founder,https://www.linkedin.com/in/andrewkimmell,Staffing Engine,http://staffingengine.ai/,amf,112954,2026-07-13
andrei@finmile.co,finmile.co,Andrei Chirila,Head of Product,andrei@finmile.co,valid,ok,true,Andrei,Chirila,,Head of Product,https://www.linkedin.com/in/chirilaandr,Finmile,https://www.finmile.co,amf,112954,2026-07-13
pankajc@wavity.com,wavity.com,Pankaj Chhabra,VP - Engineering Excellence and Quality,pankajc@wavity.com,valid,ok,true,Pankaj,Chhabra,,VP - Engineering Excellence and Quality,https://www.linkedin.com/in/pankaj-chhabra-16a52518,Wavity Inc.,https://www.wavity.ai/,amf,112954,2026-07-13
akshay@revonindustry.com,revonindustry.com,Akshay Revankar,Founder,akshay@revonindustry.com,valid,ok,true,Akshay,Revankar,,Founder,https://www.linkedin.com/in/akshay-revankar-74b05047,Revon industry,,amf,112954,2026-07-13
asim.sajjad@intellicode.tech,intellicode.tech,Muhammad Asim Sajjad,Ceo & co-founder,asim.sajjad@intellicode.tech,valid,ok,true,Muhammad asim,Sajjad,,CEO & Co-Founder,https://www.linkedin.com/in/muhammadasimsajjad,Intellicode,https://intellicode.tech/,amf,112954,2026-07-13
or.meirov@roojoom.com,roojoom.com,Or Meirov,Cto & co-founder,or.meirov@roojoom.com,valid,ok,true,Or,Meirov,,CTO & Co-Founder,https://www.linkedin.com/in/ormeirov,Roojoom - The customer journey management platform,www.roojoom.com,amf,112954,2026-07-13
jiten.modi@testlify.com,testlify.com,Jiten Modi,Co-founder & cto,jiten.modi@testlify.com,valid,ok,true,Jiten,Modi,,Co-Founder & CTO,https://www.linkedin.com/in/jitenmodi,Testlify,https://testlify.com/?utm_source=LinkedIn&utm_medium=linkedin_profile&utm_campaign=social_traffic,amf,112954,2026-07-13
sunny@gounravel.com,gounravel.com,Sunny Swetank,Chief Product Officer,sunny@gounravel.com,valid,ok,true,Sunny,Swetank,,Chief Product Officer,https://www.linkedin.com/in/sunny-swetank-7739ab35,Unravel,https://unravelapp.com/,amf,112954,2026-07-13
toconnor@livevox.com,livevox.com,Tim O'connor,Vice President Of Engineering,toconnor@livevox.com,valid,ok,true,Tim,O'connor,,Vice President Of Engineering,https://www.linkedin.com/in/tim-o-connor-ab6853,LiveVox,https://www.livevox.com,amf,112954,2026-07-13
jolley@mpathic.ai,mpathic.ai,"Amber Jolley-paige, Ph.d.",Vp of product - founding team,jolley@mpathic.ai,valid,ok,true,Amber,"Jolley-paige, ph.d.",,VP of Product - Founding Team,https://www.linkedin.com/in/amber-jolley-paige-ph-d-72041b46,mpathic,https://www.mpathic.ai,amf,112954,2026-07-13
junsoo@allganize.ai,allganize.ai,Junsoo Jeong,Head of Product,junsoo@allganize.ai,valid,ok,true,Junsoo,Jeong,,Head of Product,https://www.linkedin.com/in/junsoo-jeong-a551b0135,Allganize,https://www.allganize.ai,amf,112954,2026-07-13
dave.peachey@kombea.com,kombea.com,Dave Peachey,Chief Technology Officer,dave.peachey@kombea.com,valid,ok,true,Dave,Peachey,,Chief Technology Officer,https://www.linkedin.com/in/davepeachey,KomBea Corp.,http://www.kombea.com,amf,112954,2026-07-13
jharkrider@foxen.com,foxen.com,Jay Harkrider,Co-Founder and Executive Chairman,jharkrider@foxen.com,valid,ok,true,Jay,Harkrider,,Co-Founder and Executive Chairman,https://www.linkedin.com/in/jay-harkrider-35233a5,Foxen,http://www.foxen.com,amf,112954,2026-07-13
nataliya.savinova@acclaim.ai,acclaim.ai,Nataliya Savinova,Chief Product Officer,nataliya.savinova@acclaim.ai,valid,ok,true,Nataliya,Savinova,,Chief Product Officer,https://www.linkedin.com/in/nataliya-savinova,Acclaim AI,https://acclaim.ai,amf,112954,2026-07-13
wayned@hosted.com,hosted.com,Wayne Diamond,Chief executive officer,wayned@hosted.com,valid,ok,true,Wayne,Diamond,,Chief Executive Officer,https://www.linkedin.com/in/wayne-diamond,Desku - Ai Customer Service Software,https://desku.io,amf,112954,2026-07-13
dave.singh@scala.ai,scala.ai,Dave Singh,Vp of product,dave.singh@scala.ai,valid,ok,true,Dave,Singh,,VP of Product,https://www.linkedin.com/in/dave-singh-19a16bba,Scala,https://scala.ai,amf,112954,2026-07-13
avijit.biswas@sainapse.ai,sainapse.ai,Avijit Biswas,Co-Founder and CEO,avijit.biswas@sainapse.ai,valid,ok,true,Avijit,Biswas,,Co-Founder,https://www.linkedin.com/in/avijitbiswas,Sainapse,https://sainapse.ai,amf,112954,2026-07-13
lindy.noll@hcahealthcare.com,hcahealthcare.com,"Lindy Noll, Lcsw, Pmp",Clinical Social Worker / Case Management,lindy.noll@hcahealthcare.com,valid,ok,true,Lindy,"Noll, lcsw, pmp",,Clinical Social Worker & Case Manager,https://www.linkedin.com/in/lindynoll,HCA Healthcare,http://www.hcahealthcare.com,amf,112954,2026-07-13
alon@kahoona.io,kahoona.io,Alon Ashkenasi,Co-Founder & CTO,alon@kahoona.io,valid,ok,true,Alon,Ashkenasi,,Co-Founder & CTO,https://www.linkedin.com/in/alon-ashkenasi,Kahoona,https://www.kahoona.ai/,amf,112954,2026-07-13
yuval@insait.io,insait.io,Yuval Grader,Head of Engineering,yuval@insait.io,valid,ok,true,Yuval,Grader,,Head of Engineering,https://www.linkedin.com/in/yuval-grader,Insait,https://insait.io/,amf,112954,2026-07-13
tom@smartsurvey.co.uk,smartsurvey.co.uk,Tom Barrie,Head of product,tom@smartsurvey.co.uk,valid,ok,true,Tom,B.,,Head of Product,https://www.linkedin.com/in/tombarrie,SmartSurvey,http://www.smartsurvey.co.uk,amf,112954,2026-07-13
surendra.borana@aiassistant.co,aiassistant.co,Surendra Borana,VP of Engineering,surendra.borana@aiassistant.co,valid,ok,true,Surendra,Borana,,VP of Engineering,https://www.linkedin.com/in/suren179,AI Assistant,https://www.aiassistant.co/,amf,112954,2026-07-13
sridhar@ideaboxai.com,ideaboxai.com,Sridhar Bankuru,Co-Founder,sridhar@ideaboxai.com,valid,ok,true,Sridhar,Bankuru,,Co-Founder,https://www.linkedin.com/in/sridhar-bankuru-7285874,IdeaboxAI,https://www.linkedin.com/redir/suspicious-page?url=https%3A%2F%2Fideaboxai%2ecom%2F,amf,112954,2026-07-13
christin@journeytrack.io,journeytrack.io,"Christin Bowman, Phd",VP of Product,christin@journeytrack.io,valid,ok,true,Christin,"Bowman, phd",,VP of Product,https://www.linkedin.com/in/c-bowman,JourneyTrack,https://www.journeytrack.io/,amf,112954,2026-07-13
franck.s@t1u.ai,t1u.ai,Franck S.,Chief technology officer,franck.s@t1u.ai,valid,ok,true,Franck,S.,,Chief Technology Officer,https://www.linkedin.com/in/franck-s-77252a260,T1U,https://t1u.ai,amf,112954,2026-07-13
vikram.sharma@impresa.ai,impresa.ai,Vikram Sharma,"Head, Product Engineering",vikram.sharma@impresa.ai,valid,ok,true,Vikram,Sharma,,"Head, Product Engineering",https://www.linkedin.com/in/vikram-sharma-0a02b15,Impresa.ai,https://www.impresa.ai/,amf,112954,2026-07-13
ognibene.claudio@ognibene.com,ognibene.com,Claudio Ognibene,President & ceo,ognibene.claudio@ognibene.com,valid,ok,true,Claudio,Ognibene,,Chairman of the Board of Directors and Chief Executive Officer,https://www.linkedin.com/in/claudio-ognibene-0993b821,Ognibene SpA (Holding),,amf,112954,2026-07-13
praag@farill.io,farill.io,Praag Tegala,Head of product,praag@farill.io,valid,ok,true,Praag,Tegala,,Head of Product,https://www.linkedin.com/in/praag-tegala-872a502,Farillio,http://farill.io/,amf,112954,2026-07-13
james.radford@natterbox.com,natterbox.com,James Radford,Head of Product,james.radford@natterbox.com,valid,ok,true,James,Radford,,Head of Product,https://www.linkedin.com/in/james-radford-787059a,Natterbox Limited,,amf,112954,2026-07-13
dudi@kahoona.io,kahoona.io,Dudi Einey,VP Product,dudi@kahoona.io,valid,ok,true,Dudi,Einey,,VP Product,https://www.linkedin.com/in/deiney,Kahoona,https://www.kahoona.ai/,amf,112954,2026-07-13
ariel.garbini@clientship.com,clientship.com,Ariel Garbini,Chief Technology Officer,ariel.garbini@clientship.com,valid,ok,true,Ariel,Garbini,,Chief Technology Officer,https://www.linkedin.com/in/ariel-garbini-b8170934,Clientship,http://www.clientship.com,amf,112954,2026-07-13
eran.granot@aquant.ai,aquant.ai,Eran Granot,Head of Product,eran.granot@aquant.ai,valid,ok,true,Eran,Granot,,Head of Product,https://www.linkedin.com/in/eran-granot-64289229,Aquant,http://www.aquant.ai,amf,112954,2026-07-13
alan.lugiai@softphone.ai,softphone.ai,Alan Lugiai,Chief growth officer,alan.lugiai@softphone.ai,valid,ok,true,Alan,Lugiai,,Chief Growth Officer,https://www.linkedin.com/in/alan-lugiai-9765563,Softphone.ai,http://softphone.ai,amf,112954,2026-07-13
victor@vizru.com,vizru.com,Victor Nelson,VP Solutions Engineering and Global Support,victor@vizru.com,valid,ok,true,Victor,Nelson,,VP Solutions Engineering and Global Support,https://www.linkedin.com/in/victor-nelson-1511612,"Vizru, Inc.",http://www.vizru.com,amf,112954,2026-07-13
jsingh@truefit.com,truefit.com,Jyotsna Singh,Head of Product,jsingh@truefit.com,valid,ok,true,Jyotsna,Singh,,Head of Product,https://www.linkedin.com/in/jyotsna-singh-14813814b,True Fit,https://www.truefit.com,amf,112954,2026-07-13
jv@petavue.com,petavue.com,Jeyaraj Vellaisamy,Co-Founder & CTO,jv@petavue.com,valid,ok,true,Jeyaraj,Vellaisamy,,Co-Founder & CTO,https://www.linkedin.com/in/jeyaraj-vellaisamy-4234a5109,Petavue,https://petavue.com,amf,112954,2026-07-13
umberto.truscello@maintain360.it,maintain360.it,Umberto Truscello,Founder,umberto.truscello@maintain360.it,valid,ok,true,Umberto,Truscello,,Founder,https://www.linkedin.com/in/umberto-truscello,Maintain360,https://maintain360.it,amf,112954,2026-07-13
matt@shyftoff.com,shyftoff.com,Matthew Basnight,VP of Software Engineering,matt@shyftoff.com,valid,ok,true,Matthew,Basnight,,VP of Software Engineering,https://www.linkedin.com/in/mbasnight,ShyftOff,http://www.shyftoff.com,amf,112954,2026-07-13
bill@zingtree.com,zingtree.com,Bill Dettering,Co-Founder and CTO,bill@zingtree.com,valid,ok,true,Bill,Dettering,,Co-Founder and CTO,https://www.linkedin.com/in/dettering,Zingtree,https://zingtree.com,amf,112954,2026-07-13
pete@wordnerds.ai,wordnerds.ai,Peter Houghton,Head Of Engineering,pete@wordnerds.ai,valid,ok,true,Peter,Houghton,,Head Of Engineering,https://www.linkedin.com/in/peter-houghton-6b349032,Wordnerds,http://www.wordnerds.ai,amf,112954,2026-07-13
narek@hecttor.ai,hecttor.ai,Narek Hovsepyan,Co-founder and cto,narek@hecttor.ai,valid,ok,true,Narek,Hovsepyan,,Co-Founder and CTO,https://www.linkedin.com/in/narekhnh,Hecttor,http://hecttor.ai,amf,112954,2026-07-13
ursula@oviieai.com,oviieai.com,Ursula R.,Co-founder,ursula@oviieai.com,valid,ok,true,Ursula,R.,,Co-Founder,https://www.linkedin.com/in/ursula-r-878709347,OViiE Ai Inc,https://oviieai.com,amf,112954,2026-07-13
catherine@syndeo.cx,syndeo.cx,Catherine Ewings,Co-Founder and Chief Operating Officer,catherine@syndeo.cx,valid,ok,true,Catherine,Ewings,,Co-Founder and Chief Operating Officer,https://www.linkedin.com/in/catherine-ewings-b6461854,Syndeo.cx,http://www.syndeo.cx,amf,112954,2026-07-13
shushan@hecttor.ai,hecttor.ai,Shushan Nersisyan,Co-founder and coo,shushan@hecttor.ai,valid,ok,true,Shushan,Nersisyan,,Co-Founder and COO,https://www.linkedin.com/in/shushnersisyan,Hecttor,http://hecttor.ai,amf,112954,2026-07-13
albin.varghese@corecognitics.com,corecognitics.com,Albin Varghese,Ai developer,albin.varghese@corecognitics.com,valid,ok,true,Albin,Varghese ‍,,AI Developer,https://www.linkedin.com/in/albinvar,Core Cognitics,https://www.corecognitics.com/,amf,112954,2026-07-13
jiayun@xpectrum-ai.com,xpectrum-ai.com,Jiayun Chen,Co-Founder,jiayun@xpectrum-ai.com,valid,ok,true,Jiayun,Chen,,Co-Founder,https://www.linkedin.com/in/jiayunch,Xpectrum AI,https://xpectrum-ai.com/,amf,112954,2026-07-13
brian.severson@onvisource.com,onvisource.com,Brian Severson,Chief Product Officer,brian.severson@onvisource.com,valid,ok,true,Brian,Severson,,Chief Product Officer,https://www.linkedin.com/in/brian-severson-8baa5311,OnviSource,http://onvisource.com,amf,112954,2026-07-13
ben.purcell@datch.io,datch.io,Ben Purcell,CTO and Cofounder,ben.purcell@datch.io,valid,ok,true,Ben,Purcell,,CTO and Cofounder,https://www.linkedin.com/in/ben-purcell-57099866,Datch,https://www.datch.io,amf,112954,2026-07-13
shamsi.aqeelsyed@businesspulse.com,businesspulse.com,Aqeel Syed Shamsi,Co-founder,shamsi.aqeelsyed@businesspulse.com,valid,ok,true,Aqeel syed,Shamsi,,Co-Founder,https://www.linkedin.com/in/aqeel-syed-shamsi,Business Pulse,,amf,112954,2026-07-13
bartolomeo.sorrentino@soulsoftware.it,soulsoftware.it,Bartolomeo Sorrentino,Cofounder,bartolomeo.sorrentino@soulsoftware.it,valid,ok,true,Bartolomeo,Sorrentino,,Cofounder,https://www.linkedin.com/in/bartolomeosorrentino,Soulsoftware srl,,amf,112954,2026-07-13
kiran.khair@lokibots.com,lokibots.com,Kiran Khair,"Co-Founder Lokibots, Inc.",kiran.khair@lokibots.com,valid,ok,true,Kiran,Khair,,"Co-Founder Lokibots, Inc.",https://www.linkedin.com/in/kiran-khair-8813a4a,LokiBots,https://www.lokibots.ai,amf,112954,2026-07-13
bedi@bankofbaroda.com,bankofbaroda.com,Mehr Bedi,Private Banker,bedi@bankofbaroda.com,valid,ok,true,Mehr,Bedi,,Founder's office,https://www.linkedin.com/in/mehr-bedi,Peoplebox.ai,https://www.peoplebox.ai,amf,112954,2026-07-13
tim@autotrainer.com,autotrainer.com,Tim Kynoch,Head of product,tim@autotrainer.com,valid,ok,true,Tim,Kynoch,,Head of Product,https://www.linkedin.com/in/tim-kynoch-b8516084,AutoTrainer,autotrainer.com,amf,112954,2026-07-13
omar.chaudhry@flooringos.com,flooringos.com,Omar Chaudhry,Svp of product and program management,omar.chaudhry@flooringos.com,valid,ok,true,Omar,C.,,Senior Vice President of Product and Program Management,https://www.linkedin.com/in/omarchaudhry1,Flooring OS,www.flooringos.com,amf,112954,2026-07-13
eric@useonward.com,useonward.com,Eric Taylor,Head of Product & Ops,eric@useonward.com,valid,ok,true,Eric,Taylor,,Head of Product & Ops,https://www.linkedin.com/in/eric-taylor-1748b263,Onward,http://www.useonward.com,amf,112954,2026-07-13
quadriy@ebanqo.com,ebanqo.com,Quadri D. Yusuf,Head of Engineering,quadriy@ebanqo.com,valid,ok,true,Quadri d.,Yusuf,,Head of Engineering,https://www.linkedin.com/in/quadriyusuf,"eBanqo, Inc.",https://www.ebanqo.com,amf,112954,2026-07-13
preetam@zuqo.ai,zuqo.ai,Preetam Mamillapalli,Co-Founder,preetam@zuqo.ai,valid,ok,true,Preetam,Mamillapalli,,Co-Founder,https://www.linkedin.com/in/preetam-mamillapalli-04271515a,Zuqo Corporation,https://zuqo.io,amf,112954,2026-07-13
daniel.kovarik@lokibots.com,lokibots.com,Daniel Kovařík,Co-Founder,daniel.kovarik@lokibots.com,valid,ok,true,Daniel,Kovařík,,Co-Founder,https://www.linkedin.com/in/danielkovarik,LokiBots,https://www.lokibots.ai,amf,112954,2026-07-13
jon.peachey@kombea.com,kombea.com,Jon Peachey,Vice President Of Engineering,jon.peachey@kombea.com,valid,ok,true,Jon,Peachey,,Vice President Of Engineering,https://www.linkedin.com/in/jon-peachey-6b26955,KomBea Corp.,http://www.kombea.com,amf,112954,2026-07-13
anton.chizhov@inten.to,inten.to,Anton Chizhov,Programmer,anton.chizhov@inten.to,valid,ok,true,Anton,Chizhov,,Programmer,https://www.linkedin.com/in/antonch,"Intento, Inc.",http://inten.to,amf,112954,2026-07-13
muhammad.ashar@maksof.com,maksof.com,Muhammad Ashar Khalid,"Founder, ceo at maksof",muhammad.ashar@maksof.com,valid,ok,true,Muhammad ashar,Khalid,,"Founder, CEO at MAKSOF",https://www.linkedin.com/in/muhammad-ashar-khalid-87ab717a,Maksof,http://www.maksof.com,amf,112954,2026-07-13
joseph@suki.ai,suki.ai,Joe Killian,Co-Founder,joseph@suki.ai,valid,ok,true,Joe,Killian,,Co-Founder,https://www.linkedin.com/in/joe-killian-4b5043234,AI Clinical Assistant,,amf,112954,2026-07-13
hnguyen@filum.ai,filum.ai,Hiep Nguyen,Co-Founder & CTO,hnguyen@filum.ai,valid,ok,true,Hiep,Nguyen,,Co-Founder & CTO,https://www.linkedin.com/in/hiepnh106,Filum,https://www.filum.ai,amf,112954,2026-07-13
aric.thorn@datch.io,datch.io,Aric Thorn,Chief Product Officer,aric.thorn@datch.io,valid,ok,true,Aric,Thorn,,Chief Product Officer,https://www.linkedin.com/in/aric-thorn-15022358,Datch,https://www.datch.io,amf,112954,2026-07-13
davidn@sytel.com,sytel.com,David Neale,Chief Technology Officer,davidn@sytel.com,valid,ok,true,David,Neale,,Chief Technology Officer,https://www.linkedin.com/in/david-neale-9784867a,Sytel Ltd,https://www.sytel.com,amf,112954,2026-07-13
sneha@invictolabs.com,invictolabs.com,Sneha Gowda,Chief Executive Officer,sneha@invictolabs.com,valid,ok,true,Sneha,Gowda,,Chief Executive Officer,https://www.linkedin.com/in/sneha-gowda-495593195,Invicto,https://invictolabs.com/,amf,112954,2026-07-13
pat@beninc.ai,beninc.ai,Patrick O’neal-nunally Ph.d.,Co-Founder | Chief Scientist,pat@beninc.ai,valid,ok,true,Patrick,Nunally ph.d.,,Co-Founder | Chief Scientist,https://www.linkedin.com/in/patricknunally,BEN (Brand Engagement Network),https://brandengagementnetwork.com/,amf,112954,2026-07-13
todor.mihajlovic@eqho.ai,eqho.ai,Todor Mihajlovic,Software Engineer,todor.mihajlovic@eqho.ai,valid,ok,true,Todor,Mihajlovic,,Head of Product Engineering,https://www.linkedin.com/in/todor-mihajlovic,Eqho.ai,https://eqho.ai/,amf,112954,2026-07-13
morsi.mohsen@tactful.ai,tactful.ai,Morsi Mohsen,Data Engineer,morsi.mohsen@tactful.ai,valid,ok,true,Morsi,Mohsen,,Co-Founder,https://www.linkedin.com/in/morsi-mohsen,Echolytics.tech,https://echolytics.tech/,amf,112954,2026-07-13
chris.doyle@servisbot.com,servisbot.com,Chris Doyle,Co-founder and lead engineer,chris.doyle@servisbot.com,valid,ok,true,Chris,Doyle,,Co-Founder and Lead Engineer,https://www.linkedin.com/in/saplead,ServisBOT,http://servisbot.com,amf,112954,2026-07-13
devanand.jalla@engagely.ai,engagely.ai,Devanand Jalla,Chief Technology Officer (CTO) | Technology Strategy & Leadership | Scaling Innovation,devanand.jalla@engagely.ai,valid,ok,true,Devanand,Jalla,,Chief Technology Officer (CTO) | Technology Strategy & Leadership | Scaling Innovation,https://www.linkedin.com/in/devanand-jalla-8b93231b8,Engagely.ai,https://www.engagely.ai/,amf,112954,2026-07-13
konstantin.savenkov@inten.to,inten.to,Konstantin Savenkov,Co-Founder and CEO,konstantin.savenkov@inten.to,valid,ok,true,Konstantin,Savenkov,,co-Founder and CEO,https://www.linkedin.com/in/konstantin-savenkov-b6b78a1a0,"Intento, Inc.",http://inten.to,amf,112954,2026-07-13
jeremie@marblism.com,marblism.com,Jeremie Dumont,Senior Software Engineer,jeremie@marblism.com,valid,ok,true,Jeremie,Dumont,,Chief Technology Officer,https://www.linkedin.com/in/jeremie-dumont-pro,Marblism,https://marblism.com,amf,112954,2026-07-13
sasanka.f@eight25media.com,eight25media.com,Sasanka Fonseka,Senior Business Analyst,sasanka.f@eight25media.com,valid,ok,true,Sasanka,Fonseka,,Senior Business Analyst,https://www.linkedin.com/in/sasanka-fonseka,eight25,http://www.eight25media.com,amf,112954,2026-07-13
simone.faricelli@stip.ai,stip.ai,Simone Faricelli,Head of artificial intelligence,simone.faricelli@stip.ai,valid,ok,true,Simone,Faricelli,,Head of Artificial Intelligence,https://www.linkedin.com/in/simone-faricelli,Stip,https://stip.ai/,amf,112954,2026-07-13
pviolas@blaze.me,blaze.me,Paul Violas,"Co-Founder, General Counsel, Sr. VP Payments and Partnerships",pviolas@blaze.me,valid,ok,true,Paul,Violas,,"Co-Founder, General Counsel, Sr. VP Payments and Partnerships",https://www.linkedin.com/in/paul-violas-6a6354133,BLAZE®,http://BLAZE.me,amf,112954,2026-07-13
vinit.harmalkar@testlify.com,testlify.com,Vinit Harmalkar,Founder's Office - Operations & Strategy Associate,vinit.harmalkar@testlify.com,valid,ok,true,Vinit,Harmalkar,,Founder's Office - Operations & Strategy Associate,https://www.linkedin.com/in/vinit-harmalkar-590221150,Testlify,https://testlify.com/?utm_source=LinkedIn&utm_medium=linkedin_profile&utm_campaign=social_traffic,amf,112954,2026-07-13
daniel@neon.ai,neon.ai,Daniel Mcknight,Lead Software Developer and Developer Relations Manager,daniel@neon.ai,valid,ok,true,Daniel,Mcknight,,Chief Technology Officer,https://www.linkedin.com/in/daniel-mcknight-55a5a15a,Neon AI,https://neon.ai,amf,112954,2026-07-13
kishore.konda@sainapse.ai,sainapse.ai,Kishore Reddy Konda,AI Researcher,kishore.konda@sainapse.ai,valid,ok,true,Kishore reddy,Konda,,Co-Founder & CTO,https://www.linkedin.com/in/kishore-reddy-konda-30a41913,Sodhana,www.sodhana.com,amf,112954,2026-07-13
vh@ucf.edu,ucf.edu,Vasif Hamzatov,Founder and Ceo,vh@ucf.edu,valid,ok,true,Vasif,Hamzatov,,CEO,https://www.linkedin.com/in/vasif-hamzatov,Mr. Consultant LLC,,amf,112954,2026-07-13
fahad.suhaib@ephanti.com,ephanti.com,Suhaib Fahad A,Chief Technology Officer,fahad.suhaib@ephanti.com,valid,ok,true,Suhaib fahad,A,,Chief Technology Officer,https://www.linkedin.com/in/suhaibfahad,Ephanti Inc,www.ephanti.com,amf,112954,2026-07-13
ali.h@whelp.co,whelp.co,Ali Heydarli,Chief Technology Officer,ali.h@whelp.co,valid,ok,true,Ali,Heydarli,,Chief Technology Officer,https://www.linkedin.com/in/ali-heydarli-37b39665,Whelp,https://whelp.co/,amf,112954,2026-07-13
pj@chatbase.co,chatbase.co,Pj Singh,Creative Director,pj@chatbase.co,valid,ok,true,Pj,Singh,,Creative Director,https://www.linkedin.com/in/pjsinghfm,Chatbase,https://www.chatbase.co/,amf,112954,2026-07-13
chenluguo@dingtalk.com,dingtalk.com,Chenlu Guo,"Product manger, The founding team",chenluguo@dingtalk.com,valid,ok,true,Chenlu,Guo,,Co-Founder,https://www.linkedin.com/in/ericstory,Voc.AI,https://www.voc.ai/?utm_source=linkedin&utm_medium=linkedin,amf,112954,2026-07-13
joaquin.majluf@cottonknit.com,cottonknit.com,Joaquin Majluf,Planning Analyst,joaquin.majluf@cottonknit.com,valid,ok,true,Joaquin,Majluf,,Chief Executive Officer,https://www.linkedin.com/in/joaquin-majluf-265259230,True Fit Textiles SAC,,amf,112954,2026-07-13
ethan@korsman.com,korsman.com,Ethan Reistad,Consultant,ethan@korsman.com,valid,ok,true,Ethan,Reistad,,Head of Product,https://www.linkedin.com/in/ethanreistad,ShyftOff,http://www.shyftoff.com,amf,112954,2026-07-13
rick@tikasecurity.io,tikasecurity.io,Richard Spillane,Co-Founder and Chief Architect,rick@tikasecurity.io,valid,ok,true,Richard,Spillane,,Co-Founder and Chief Architect,https://www.linkedin.com/in/rispillane,Tika Security,,amf,112954,2026-07-13
dylan@botcopy.com,botcopy.com,Dylan Byth,Head of product @ botcopy,dylan@botcopy.com,valid,ok,true,Dylan,Byth,,Head of Product @ Botcopy,https://www.linkedin.com/in/dylanbyth,Botcopy,https://botcopy.com,amf,112954,2026-07-13
niels@ganser.consulting,ganser.consulting,Niels Ganser,Shareholder-Managing Director & Senior Consultant,niels@ganser.consulting,valid,ok,true,Niels,Ganser,,Shareholder-Managing Director & Senior Consultant,https://www.linkedin.com/in/nielsganser,ganser.consulting GmbH,https://ganser.consulting,amf,112954,2026-07-13
omerk@revuze.it,revuze.it,Omer Kehat,Vp of products,omerk@revuze.it,valid,ok,true,Omer,Kehat,,VP of Products,https://www.linkedin.com/in/omer-kehat-063b41329,Revuze,http://www.revuze.it,amf,112954,2026-07-13
yousuf@dal.ca,dal.ca,Yousuf Meethal,Co-Founder,yousuf@dal.ca,valid,ok,true,Yousuf,Meethal,,Co-Founder,https://www.linkedin.com/in/yousuf-meethal-16836191,CanLab Ai,https://canlab.ai/,amf,112954,2026-07-13
ahmed@synapse.com.pk,synapse.com.pk,Ahmed Kasbati,Director,ahmed@synapse.com.pk,valid,ok,true,Ahmed,Kasbati,,Co-Founder & Vice President,https://www.linkedin.com/in/ahmed-kasbati-3349631a9,Synapse Tech Inc.,www.synapsetechinc.com,amf,112954,2026-07-13
leo@codear.org,codear.org,Leo (homer0) Apiwan,Co-Founder,leo@codear.org,valid,ok,true,Leo (homer0),Apiwan,,Sr. Full Stack Engineer,https://www.linkedin.com/in/leoapiwan,Regal.io,https://www.regal.ai,amf,112954,2026-07-13
zach.waggoner@macorva.com,macorva.com,Zach Waggoner,Vice President of Software Engineering,zach.waggoner@macorva.com,valid,ok,true,Zach,Waggoner,,Vice President of Software Engineering,https://www.linkedin.com/in/zwaggoner,"Macorva, Inc.",https://www.macorva.com/,amf,112954,2026-07-13
karipaulson@westat.com,westat.com,Kari Paulson,Sr. Business Analyst,karipaulson@westat.com,valid,ok,true,Kari,Paulson,,Sr. Business Analyst,https://www.linkedin.com/in/kari-paulson-4947941,Westat - Improving Lives Through Research,http://www.westat.com,amf,112954,2026-07-13
ap@udemy.com,udemy.com,Arash Pakdaman,Course builder,ap@udemy.com,valid,ok,true,Arash,Pakdaman,,Course Builder,https://www.linkedin.com/in/arash-pakdaman-a70347239,Udemy,http://www.udemy.com,amf,112954,2026-07-13
phalande@mpathic.ai,mpathic.ai,"Phalande Jean, Lmft, Cctp",Mental health expert,phalande@mpathic.ai,valid,ok,true,Phalande,"Jean, lmft, cctp",,mental health expert,https://www.linkedin.com/in/phalandejeanlmft,mpathic,https://www.mpathic.ai,amf,112954,2026-07-13
aditya.jaiswal@klearcom.com,klearcom.com,Aditya Jaiswal,Head of Engineering and Support at Klearcom,aditya.jaiswal@klearcom.com,valid,ok,true,Aditya,Jaiswal,,Head of Engineering and Support at Klearcom,https://www.linkedin.com/in/aditya-jaiswal-70a971226,Klearcom,http://www.klearcom.com,amf,112954,2026-07-13
james@natterbox.com,natterbox.com,Jim P,Founder,james@natterbox.com,valid,ok,true,Jim,P.,,Founder,https://www.linkedin.com/in/jim-p-96122417b,Natterbox Limited,https://www.natterbox.com/,amf,112954,2026-07-13
muhammad@datalyticx.ai,datalyticx.ai,Muhammad S.,Chief technology officer,muhammad@datalyticx.ai,valid,ok,true,Muhammad,S.,,Chief Technology Officer,https://www.linkedin.com/in/muhammad-s-687029196,"Datalytics24 - Basket, inc.",https://www.datalyticx.ai,amf,112954,2026-07-13
jan@lorikeetcx.ai,lorikeetcx.ai,Jan Guidotti,Founder's Associate,jan@lorikeetcx.ai,valid,ok,true,Jan,Guidotti,,Founder's Associate,https://www.linkedin.com/in/jan-guidotti-b684b1314,Optech,https://www.lorikeetcx.ai,amf,112954,2026-07-13
hg@amazon.com,amazon.com,G Hunter,Chief Executive Officer,hg@amazon.com,valid,ok,true,G,Hunter,,Chief Executive Officer,https://www.linkedin.com/in/g-hunter-a73463250,Shulex,https://www.voc.ai/?utm_source=linkedin&utm_medium=linkedin,amf,112954,2026-07-13
yogesh@100ms.ai,100ms.ai,Yogesh Singh,Software Engineer E5,yogesh@100ms.ai,valid,ok,true,Yogesh,Singh,,Software Engineer E5,https://www.linkedin.com/in/yogeshsingh2810,100ms,https://www.100ms.ai/,amf,112954,2026-07-13
aswin@bubba.ai,bubba.ai,Aswin Csekar,Co-founder and cto,aswin@bubba.ai,valid,ok,true,Aswin,C.,,Co-Founder and CTO,https://www.linkedin.com/in/aswincsekar,Hey Bubba,https://Bubba.ai,amf,112954,2026-07-13
anyuta.dhir@humanelyresourceful.com,humanelyresourceful.com,Anyuta Dhir,Co-founder & chro,anyuta.dhir@humanelyresourceful.com,valid,ok,true,Anyuta,Dhir,,Co-Founder & CHRO,https://www.linkedin.com/in/anyutadhir,SustainEra Being Humanely Resourceful LLP,https://humanelyresourceful.com/,amf,112954,2026-07-13
julian.seidenberg@narrative.so,narrative.so,Julian Seidenberg (phd),Principal Data Scientist,julian.seidenberg@narrative.so,valid,ok,true,Julian,Seidenberg (phd),,Principal Data Scientist,https://www.linkedin.com/in/julianseidenberg,Narrative,http://www.narrative.so,amf,112954,2026-07-13
manojmatai@infoneoo.com,infoneoo.com,Manoj Matai,Co-Founder & Chief Growth Officer,manojmatai@infoneoo.com,valid,ok,true,Manoj,Matai,,Co-Founder & Chief Growth Officer,https://www.linkedin.com/in/manojmatai,Infoneoo,www.Infoneoo.com,amf,112954,2026-07-13
mehmet.kavi@bilgesin.com,bilgesin.com,Mehmet Kavi,Angel investor,mehmet.kavi@bilgesin.com,valid,ok,true,Mehmet,Kavi,,"Co-Founder, CEO",https://www.linkedin.com/in/mehmetkavi,ManageCash,https://www.managecash.com,amf,112954,2026-07-13
rishikesh@intelligaia.com,intelligaia.com,Rishikesh Chandra,Chief Technology Officer,rishikesh@intelligaia.com,valid,ok,true,Rishikesh,Chandra,,Chief Technology Officer,https://www.linkedin.com/in/rchandra1,Intelligaia,https://intelligaia.com/,amf,112954,2026-07-13
gale.fagan@brightflag.com,brightflag.com,Gale Fagan,Director of engineering operations,gale.fagan@brightflag.com,valid,ok,true,Gale,Fagan,,Director of Engineering Operations,https://www.linkedin.com/in/galepedowitz,Brightflag,https://brightflag.com,amf,112954,2026-07-13
r.omar@rdcci.org.sa,rdcci.org.sa,Omar Rebhan,Member of entrepreneurship committee,r.omar@rdcci.org.sa,valid,ok,true,Omar,Rebhan,,Founder,https://www.linkedin.com/in/orebhan,Rebhan Investment,https://www.orebhan.com/advisory,amf,112954,2026-07-13
jamie.cooper@natterbox.com,natterbox.com,Jamie Cooper,Chief Product Officer,jamie.cooper@natterbox.com,valid,ok,true,Jamie,Cooper,,Chief Product Officer,https://www.linkedin.com/in/jamielcooper,Natterbox,https://www.natterbox.com/,amf,112954,2026-07-13
megha@fundamento.ai,fundamento.ai,Megha Aggarwal,Founder,megha@fundamento.ai,valid,ok,true,Megha,Aggarwal,,Founder,https://www.linkedin.com/in/megha-aggarwal-09a6481,Fundamento (formerly Skillr),https://fundamento.ai,amf,112954,2026-07-13
ahmed.mohsen@tactful.ai,tactful.ai,Ahmed Mohsen,Marketing Director,ahmed.mohsen@tactful.ai,valid,ok,true,Ahmed,Mohsen,,Marketing Director,https://www.linkedin.com/in/amohsen,Tactful,https://tactful.ai,amf,112954,2026-07-13
yogesh_kulkarni@altizon.com,altizon.com,Yogesh Kulkarni,"Coo, co-founder",yogesh_kulkarni@altizon.com,valid,ok,true,Yogesh,Kulkarni,,Chartered Member,https://www.linkedin.com/in/ydkulkarni,TiE Pune,www.tiepune.org,amf,112954,2026-07-13
alex@competera.ai,competera.ai,Alex Turbanov,Investor,alex@competera.ai,valid,ok,true,Alex,Turbanov,,Founder and General Partner,https://www.linkedin.com/in/turbanov,Somersault Ventures,https://somersault.vc/,amf,112954,2026-07-13
lingjia@jaseci.org,jaseci.org,Lingjia Tang,Researcher,lingjia@jaseci.org,valid,ok,true,Lingjia,Tang,,Researcher,https://www.linkedin.com/in/lingjia-tang-a7667912,Jaseci Labs,https://www.jasecilabs.com,amf,112954,2026-07-13
mark@51d.co,51d.co,Mark Somers,Co-Founder & CPO,mark@51d.co,valid,ok,true,Mark,Somers,,Co-Founder & CPO,https://www.linkedin.com/in/mark-somers-2ab3285,Fifty One Degrees,https://www.51d.co,amf,112954,2026-07-13
alam@softnity.com,softnity.com,Muhammad Alam,Founder,alam@softnity.com,valid,ok,true,Muhammad,Alam,,Founder,https://www.linkedin.com/in/muhammad-alam-666099262,Softnity,http://www.softnity.com/,amf,112954,2026-07-13
dusan.kosic@humeds.com,humeds.com,Dusan Kosic,Co-Founder,dusan.kosic@humeds.com,valid,ok,true,Dusan,Kosic,,Co-founder and President,https://www.linkedin.com/in/dusankosic,HTEC Group,https://htec.com,amf,112954,2026-07-13
yasuo@allganize.ai,allganize.ai,Yasuo Sato,CEO,yasuo@allganize.ai,valid,ok,true,Yasuo,Sato,,CEO,https://www.linkedin.com/in/yasuo-sato,Allganize Japan,,amf,112954,2026-07-13
biagio@letsrevel.io,letsrevel.io,Biagio Distefano,"Founder, lead engineer",biagio@letsrevel.io,valid,ok,true,Biagio,Distefano,,Lead Engineer,https://www.linkedin.com/in/bdles,Complexio,https://complexio.com,amf,112954,2026-07-13
daisuke.okuda@accesslab.co.jp,accesslab.co.jp,Daisuke Okuda,"Founder - Director, IT and Business Development Professional",daisuke.okuda@accesslab.co.jp,valid,ok,true,Daisuke,Okuda,,"Founder - Director, IT and Business Development Professional",https://www.linkedin.com/in/daisuke-okuda-4432a452,"Access Lab, LLC",https://accesslab.co.jp,amf,112954,2026-07-13
marcus.molizane@birdie.ai,birdie.ai,Marcus Molizane,Cx & ai strategist,marcus.molizane@birdie.ai,valid,ok,true,Marcus,Molizane,,CX & AI Strategist,https://www.linkedin.com/in/marcus-molizane,Birdie AI,https://birdie.ai/,amf,112954,2026-07-13
evan@quipli.com,quipli.com,Evan Read,"Founding head of product, quinn",evan@quipli.com,valid,ok,true,Evan,Read,,"Founding Head of Product, Quinn",https://www.linkedin.com/in/evanaread,Quipli,https://www.quipli.com,amf,112954,2026-07-13
a.albertini@marfin.mc,marfin.mc,Alex Albertini,Ceo,a.albertini@marfin.mc,valid,ok,true,Alex,Albertini,,CEO,https://www.linkedin.com/in/aalbertini,Marfin Management S.A.M.,http://www.marfin.mc,amf,112954,2026-07-13
benjamin@autods.com,autods.com,Ben Blanki,Advisor,benjamin@autods.com,valid,ok,true,Ben,Blanki,,Founder & Growth Architect,https://www.linkedin.com/in/benblanki,SuperteamOS,,amf,112954,2026-07-13
andrew@kokto.studio,kokto.studio,Andrew Kravchenko,Co-founder & lead product designer,andrew@kokto.studio,valid,ok,true,Andrew,Kravchenko,,Product Design Lead,https://www.linkedin.com/in/kravchenko-design,Callers,https://www.callers.ai/,amf,112954,2026-07-13
masaba@lorikeetcx.ai,lorikeetcx.ai,Masaba Gofran,Founding Account Executive,masaba@lorikeetcx.ai,valid,ok,true,Masaba,Gofran,,Founding Account Executive,https://www.linkedin.com/in/masabagofran,Lorikeet,https://www.lorikeetcx.ai,amf,112954,2026-07-13
ian.duffy@acceleratedpayments.com,acceleratedpayments.com,Ian Duffy,Founder and ceo,ian.duffy@acceleratedpayments.com,valid,ok,true,Ian,Duffy,,Founder and CEO,https://www.linkedin.com/in/ian-duffy-2998982,Accelerated Payments Limited,http://www.acceleratedpayments.com,amf,112954,2026-07-13
eddie@getthematic.com,getthematic.com,Eddie Chae,Product Manager,eddie@getthematic.com,valid,ok,true,Eddie,Chae,,Product Manager,https://www.linkedin.com/in/eddie-chae,Thematic,https://www.getthematic.com,amf,112954,2026-07-13
fa@imperial.ac.uk,imperial.ac.uk,Anne-sophie Fischer,Founder,fa@imperial.ac.uk,valid,ok,true,Anne-sophie,Fischer,,Head of GTM strategy & operations,https://www.linkedin.com/in/anne-sophie-fischer-576124115,Connectly.ai,http://connectly.ai,amf,112954,2026-07-13
nikola@myvoice.ai,myvoice.ai,Nikola Anđelić,Co-founder & COO,nikola@myvoice.ai,valid,ok,true,Nikola,Anđelić,,Co-founder & COO,https://www.linkedin.com/in/nikolaandelic,MYVOICE.AI,,amf,112954,2026-07-13
cole.butler@summitstonehealth.org,summitstonehealth.org,"Cole Butler, Lpcc, Addc, Macp",Behavioral Health Therapist,cole.butler@summitstonehealth.org,valid,ok,true,Cole,"Butler, lpc, addc, macp",,Behavioral Health Therapist,https://www.linkedin.com/in/cole-butler,SummitStone Health Partners,http://www.summitstone.org,amf,112954,2026-07-13
bhavik@ismartrecruit.com,ismartrecruit.com,Bhavik Boghani,Co-Founder & Director of Operations,bhavik@ismartrecruit.com,valid,ok,true,Bhavik,Boghani,,Co-Founder & Director of Marketing & AI Strategy,https://www.linkedin.com/in/bhavik-boghani-43933a75,iKraft Solutions,https://www.ikraftsolutions.com,amf,112954,2026-07-13
mostafa.toson@musahem.org,musahem.org,Mostafa Toson,Co-founder & ceo,mostafa.toson@musahem.org,valid,ok,true,Mostafa,Toson,,Co-Founder & CEO,https://www.linkedin.com/in/mtoson,Musahem - مساهم,https://musahem.org/,amf,112954,2026-07-13
suyash@storylane.io,storylane.io,Suyash Thakur,Software developer,suyash@storylane.io,valid,ok,true,Suyash,Thakur,,Founder,https://www.linkedin.com/in/suyash-thakur,Pictify,https://pictify.io,amf,112954,2026-07-13
khushil@fundamento.ai,fundamento.ai,Khushil Khatri,Vice president of engineering,khushil@fundamento.ai,valid,ok,true,Khushil,Khatri,,Vice President of Engineering,https://www.linkedin.com/in/khushilkhatri,Fundamento,https://fundamento.ai,amf,112954,2026-07-13
rafal@nextcanada.com,nextcanada.com,Rafael Libardi,NEXT.AI Founder Alumni (Most ambitious startup Award),rafal@nextcanada.com,valid,ok,true,Rafael,Libardi,,Founder & Executive Director,https://www.linkedin.com/in/rlibardi,NoLeak Defense,http://www.noleakdefence.com,amf,112954,2026-07-13
shashidhar.pai@technisanct.com,technisanct.com,Shashidhar Pai,Director,shashidhar.pai@technisanct.com,valid,ok,true,Shashidhar,Pai,,"Founder, Director",https://www.linkedin.com/in/shashidhar-pai-143b3118,Citrus Ventures,http://www.citrusventures.in,amf,112954,2026-07-13
flavia.marsano@aifindr.ai,aifindr.ai,Flavia Marsano,Product Innovation Lead,flavia.marsano@aifindr.ai,valid,ok,true,Flavia,Marsano,,Head of Product,https://www.linkedin.com/in/flaviamarsano,AI Findr,https://aifindr.ai/,amf,112954,2026-07-13
pmcbride@coastalridge.com,coastalridge.com,Patrick Mcbride,Co-Founder & Co-CEO,pmcbride@coastalridge.com,valid,ok,true,Patrick,Mcbride,,Co-Founder & Co-CEO,https://www.linkedin.com/in/patrick-r-mcbride,Coastal Ridge Real Estate,http://www.coastalridge.com,amf,112954,2026-07-13
esneyder.palacios@nice.com,nice.com,Esneyder Amin Palacios Mena,Senior Software Engineer,esneyder.palacios@nice.com,valid,ok,true,Esneyder amin,Palacios mena,,Senior Software Engineer,https://www.linkedin.com/in/esneyder-amin-palacios-mena-563b05100,LiveVox,https://www.livevox.com,amf,112954,2026-07-13
steve.newell@cloudconsult.cloud,cloudconsult.cloud,Steve Newell,Founder - CloudConsult,steve.newell@cloudconsult.cloud,valid,ok,true,Steve,Newell,,Founder - CloudConsult,https://www.linkedin.com/in/steve-newellsales,CloudConsult LLC,http://cloudconsult.cloud,amf,112954,2026-07-13
tejas@aiassistant.co,aiassistant.co,Tejas Patil,Software Engineer,tejas@aiassistant.co,valid,ok,true,Tejas,Patil,,Software Engineer,https://www.linkedin.com/in/tejas-patil-47a124220,AI Assistant,https://www.aiassistant.co/,amf,112954,2026-07-13
rasim@woppy.com.tr,woppy.com.tr,Rasim Cin,General Manager,rasim@woppy.com.tr,valid,ok,true,Rasim,Cin,,General Manager,https://www.linkedin.com/in/rasim-cin-68606021,Woppy AI Solutions,https://woppy.com.tr,amf,112954,2026-07-13
pedro@getpuppeteer.ai,getpuppeteer.ai,Pedro Barrera,Prompt Engineering Lead,pedro@getpuppeteer.ai,valid,ok,true,Pedro,Barrera,,AI Engineer Lead,https://www.linkedin.com/in/pedro-barrera-6ab2481a8,Puppeteer AI,https://puppeteerai.com/,amf,112954,2026-07-13
ajoshi@dataseers.ai,dataseers.ai,Ashok Joshi,Managing director apac,ajoshi@dataseers.ai,valid,ok,true,Ashok,Joshi,,Managing Director APAC,https://www.linkedin.com/in/ashok-joshi-356a8640,DataSeers,https://www.dataseers.ai,amf,112954,2026-07-13
rushabh.pasad@testlify.com,testlify.com,Rushabh Pasad,Technical Lead,rushabh.pasad@testlify.com,valid,ok,true,Rushabh,Pasad,,Technical Lead,https://www.linkedin.com/in/rushabhpasad,Testlify,https://testlify.com/?utm_source=LinkedIn&utm_medium=linkedin_profile&utm_campaign=social_traffic,amf,112954,2026-07-13
gijung.kim@coxwave.com,coxwave.com,Gijung Kim,Founder,gijung.kim@coxwave.com,valid,ok,true,Gijung,Kim,,Forbes 30 Under 30 Asia,https://www.linkedin.com/in/gijung-kim-00a813120,Forbes,http://www.forbes.com,amf,112954,2026-07-13
urvil.dhanani@softqubes.com,softqubes.com,Urvil Dhanani,Technical Lead - Data Science & Generative AI,urvil.dhanani@softqubes.com,valid,ok,true,Urvil,Dhanani,,Chief Technology Officer,https://www.linkedin.com/in/urvil,SuperMIA AI,https://supermia.ai/,amf,112954,2026-07-13
dakshitha@eight25media.com,eight25media.com,Dakshitha Nawaratne,General Manager,dakshitha@eight25media.com,valid,ok,true,Dakshitha,Nawaratne,,General Manager,https://www.linkedin.com/in/daki,eight25,http://www.eight25media.com,amf,112954,2026-07-13
roy.simkes@photier.com,photier.com,Roy Simkes,Co-Founder,roy.simkes@photier.com,valid,ok,true,Roy,Simkes,,Software Architect,https://www.linkedin.com/in/roysimkes,Nova Prima,,amf,112954,2026-07-13
hadas@sripartners.com,sripartners.com,Hadas Kasher,Co-Founder,hadas@sripartners.com,valid,ok,true,Hadas,Kasher,,Co Founder,https://www.linkedin.com/in/hadas-kasher,Kay Group Inc,https://Kay-group.com,amf,112954,2026-07-13
shais@insait.io,insait.io,Shai-shalom Hadad,LLM Solutions Engineer,shais@insait.io,valid,ok,true,Shai-shalom,Hadad,,LLM Solutions Engineer,https://www.linkedin.com/in/shai-shalom-hadad-175578a2,Insait,https://insait.io/,amf,112954,2026-07-13
lori@callsimulator.com,callsimulator.com,Lori Hood Lawson,Chief Experience Officer (CXO),lori@callsimulator.com,valid,ok,true,Lori,Hood lawson,,Chief Experience Officer (CXO),https://www.linkedin.com/in/hoodlawson,Call Simulator,https://www.callsimulator.com/,amf,112954,2026-07-13
deepam@ivolunteer.in,ivolunteer.in,Deepam Yogi,Prevention of sexual harassement (posh) external committee member,deepam@ivolunteer.in,valid,ok,true,Deepam,Yogi,,Co-founder & Partner,https://www.linkedin.com/in/deepamyogi,Yellow Spark,http://www.yellowspark.in,amf,112954,2026-07-13
tim@openstage.live,openstage.live,Tim Joyce,Chief Technology Officer,tim@openstage.live,valid,ok,true,Tim,Joyce,,Chief Technology Officer,https://www.linkedin.com/in/tim-joyce-ab25081,Openstage,http://www.openstage.live,amf,112954,2026-07-13
abubaker.naeem@intellicode.tech,intellicode.tech,Abubaker Naeem,Software engineer,abubaker.naeem@intellicode.tech,valid,ok,true,Abubaker,Naeem,,Software Engineer,https://www.linkedin.com/in/abubaker-naeem,Intellicode,https://intellicode.tech/,amf,112954,2026-07-13
pm@contentsquare.com,contentsquare.com,Pamela M. M.,Contractor-data annotation,pm@contentsquare.com,valid,ok,true,Pamela m.,M.,,Contractor-Data Annotation,https://www.linkedin.com/in/pamela-mulemba-mateyo,Contentsquare,,amf,112954,2026-07-13
ovidiu.ionita@omniconvert.com,omniconvert.com,Ovidiu Ionita,Marketing Specialist,ovidiu.ionita@omniconvert.com,valid,ok,true,Ovidiu,Ionita,,Marketing Specialist,https://www.linkedin.com/in/ovidiu-ionita-71111a278,Omniconvert,https://www.omniconvert.com/,amf,112954,2026-07-13
asif.bashirov@shalsetgroup.az,shalsetgroup.az,"Asif Bashirov, Mba, Gpm-b",Director,asif.bashirov@shalsetgroup.az,valid,ok,true,Asif,"Bashirov, mba, gpm-b",,Director,https://www.linkedin.com/in/asif-bashirov-mba-gpm-b-40ab49165,"""SHALSET GROUP""",https://shalsetgroup.az/,amf,112954,2026-07-13
epark@edinburgcenter.org,edinburgcenter.org,Elizabeth Park,Behavioral Therapist,epark@edinburgcenter.org,valid,ok,true,Elizabeth,Park,,Behavioral Therapist,https://www.linkedin.com/in/elizabeth-park-46571321,The Edinburg Center,http://www.edinburgcenter.org/,amf,112954,2026-07-13
ed@complexio.com,complexio.com,David Ehrlich,Co-chief executive officer,ed@complexio.com,valid,ok,true,David,E.,,Co-Chief Executive Officer,https://www.linkedin.com/in/davidehrlich,Complexio,https://complexio.com,amf,112954,2026-07-13
denise@communicationhighway.org,communicationhighway.org,Denise Olive,"Director of Community Engagement, Mediation and Facilitation",denise@communicationhighway.org,valid,ok,true,Denise,Olive,,Public Sector Consultant,https://www.linkedin.com/in/denise-olive-lubow,Botcopy | Google Cloud Partner,https://botcopy.com,amf,112954,2026-07-13
rshah@xelex.ai,xelex.ai,Ritesh Shah,Technical support specialist,rshah@xelex.ai,valid,ok,true,Ritesh,Shah,,Operations Manager,https://www.linkedin.com/in/ritesh-shah-a562242a,Xelex.ai,http://www.xelex.ai,amf,112954,2026-07-13
cyril.dhenaut@gmail.com,,,,,,skipped_had_vayne_email,true,Cyril,Dhenaut,,VP of Revenue,https://www.linkedin.com/in/cyril-dhenaut,Octopus Community,,vayne,112954,2026-07-13
charlesb@memorizer.ai,,,,,,skipped_had_vayne_email,true,Charles,Baron,,CEO & Founder,https://www.linkedin.com/in/charles-baron-a66b5315,Mio (Ex Memorizer AI),,vayne,112954,2026-07-13
riccardo@30secondstofly.com,,,,,,skipped_had_vayne_email,true,Riccardo,Vittoria,,Co-founder and CEO,https://www.linkedin.com/in/riccardovittoria,Acai Travel,https://www.acaitravel.com/,vayne,112954,2026-07-13
marc.bernstein@logomark.com,,,,,,skipped_had_vayne_email,true,Marc,Bernstein,,CEO & Founder,https://www.linkedin.com/in/baltoceo,Balto,https://balto.ai,vayne,112954,2026-07-13
alexrlevin@gmail.com,,,,,,skipped_had_vayne_email,true,Alex,Levin,,Co-Founder & CEO,https://www.linkedin.com/in/alexlevin1,REGAL,https://www.regal.ai,vayne,112954,2026-07-13
julianivann@gmail.com,,,,,,skipped_had_vayne_email,true,Julian,Ivann,,Senior Director of Business Development & Partnerships,https://www.linkedin.com/in/julianivann,Centrical,https://centrical.com,vayne,112954,2026-07-13
paulroiter@gmail.com,,,,,,skipped_had_vayne_email,true,Paul,Roiter,,Co-Founder,https://www.linkedin.com/in/paulroiter1,Xelix,https://hubs.la/Q02Gbht90,vayne,112954,2026-07-13
brett@journey.ai,,,,,,skipped_had_vayne_email,true,Brett,Shockley,,CEO and Chairman,https://www.linkedin.com/in/brettshockley,Journey.ai,http://www.journey.ai/,vayne,112954,2026-07-13
krishnarajraja@me.com,,,,,,skipped_had_vayne_email,true,Krishna raj,Raja,,Founder & CEO,https://www.linkedin.com/in/krraja,"SupportLogic, Inc.",http://supportlogic.com,vayne,112954,2026-07-13
pwatkins@moresalesadvisors.com,,,,,,skipped_had_vayne_email,true,Patricia,Watkins,,"Managing Partner, VP Sales",https://www.linkedin.com/in/patriciawatkins1,MORE Sales Advisors,https://MoreSalesAdvisors.com,vayne,112954,2026-07-13
stephan@lorimerventures.com,,,,,,skipped_had_vayne_email,true,Stephan,Cizmar,,Co-Founder,https://www.linkedin.com/in/stephancizmar,Lorimer Ventures,https://www.lorimerventures.com/,vayne,112954,2026-07-13
patrick@clarify.ai,,,,,,skipped_had_vayne_email,true,Patrick,Thompson,,"Co-Founder, CEO",https://www.linkedin.com/in/patrickt010,Clarify,http://clarify.ai/,vayne,112954,2026-07-13
dave@forethought.ai,,,,,,skipped_had_vayne_email,true,Dave,Kleifgen,,Enterprise Sales Manager,https://www.linkedin.com/in/dave-kleifgen-a03a6696,Forethought,http://www.forethought.ai,vayne,112954,2026-07-13
ratmir.timashev@objectfirst.com,,,,,,skipped_had_vayne_email,true,Ratmir,Timashev,,Advisor and Board Member,https://www.linkedin.com/in/ratmirtimashev,Acclaim AI,https://acclaim.ai,vayne,112954,2026-07-13
ryan@assembledhq.com,,,,,,skipped_had_vayne_email,true,Ryan,Wang,,Co-founder/CEO,https://www.linkedin.com/in/ryanywang,Assembled,https://www.assembled.com,vayne,112954,2026-07-13
arnabmishra@gmail.com,,,,,,skipped_had_vayne_email,true,Arnab,Mishra,,Chief Executive Officer,https://www.linkedin.com/in/arnabmishra,Xactly Corp,http://www.xactlycorp.com,vayne,112954,2026-07-13
imran.syed@hatchproof.com,,,,,,skipped_had_vayne_email,true,Imran,Syed,,Founder & CEO,https://www.linkedin.com/in/imranmsyed,Hatchproof,www.hatchproof.com,vayne,112954,2026-07-13
murlig@gmail.com,,,,,,skipped_had_vayne_email,true,Gurudev,Karanth,,CEO and Co-Founder,https://www.linkedin.com/in/gurudev,Out of the Blue,http://www.outoftheblue.ai,vayne,112954,2026-07-13
cosimo.spera@gmail.com,,,,,,skipped_had_vayne_email,true,Cosimo,Spera,,Founder & CEO,https://www.linkedin.com/in/cosimospera,Minerva CQ,https://minervacq.com/,vayne,112954,2026-07-13
scott.p.gifis@gmail.com,,,,,,skipped_had_vayne_email,true,Scott,Gifis,,Chief Executive Officer,https://www.linkedin.com/in/scottpgifis,Wyllo (formerly NoFraud and Yofi),https://www.wyllo.ai/,vayne,112954,2026-07-13
ryan@junee.org,,,,,,skipped_had_vayne_email,true,Ryan,Junee,,Chief Executive Officer,https://www.linkedin.com/in/rjunee,Quintessential Ventures,,vayne,112954,2026-07-13
lynch.jp@gmail.com,,,,,,skipped_had_vayne_email,true,John,Lynch,,Chief Executive Officer,https://www.linkedin.com/in/jplynch1,LinkLive,https://linklive.ai/,vayne,112954,2026-07-13
jnpayne@gmail.com,,,,,,skipped_had_vayne_email,true,Josh,Payne,,General Partner,https://www.linkedin.com/in/jnpayne,OpenSky Ventures,https://www.opensky.vc,vayne,112954,2026-07-13
ec@lovedandy.com,,,,,,skipped_had_vayne_email,true,Evan,Caron,,Co-Founder & Chief Investment Officer,https://www.linkedin.com/in/evanc1,Montauk Capital,http://www.montaukcap.com,vayne,112954,2026-07-13
carey@conductive.vc,,,,,,skipped_had_vayne_email,true,Carey,Lai,,Founder & Managing Partner,https://www.linkedin.com/in/careylai,Conductive Ventures,http://www.conductive.vc,vayne,112954,2026-07-13
heidi.mckee14@gmail.com,,,,,,skipped_had_vayne_email,true,Heidi,Mckee,,Founder & AI Visibility Lead,https://www.linkedin.com/in/heidi-mckee-60156171,Get Chosen.,https://getchosenai.com/en,vayne,112954,2026-07-13
ashwin.singhania@unwrap.ai,,,,,,skipped_had_vayne_email,true,Ashwin,Singhania,,Co-Founder,https://www.linkedin.com/in/ashwin-singhania-53b6a72a,Unwrap.ai,http://unwrap.ai,vayne,112954,2026-07-13
ayush@censius.ai,,,,,,skipped_had_vayne_email,true,Ayush,Patel,,Chief Technology Officer,https://www.linkedin.com/in/ayushpatelxyz,Attri,https://www.attri.ai,vayne,112954,2026-07-13
celine@joinbeni.com,,,,,,skipped_had_vayne_email,true,Celine,Lightfoot,,Applied AI Engineer,https://www.linkedin.com/in/celinemol,Unwrap,http://unwrap.ai,vayne,112954,2026-07-13
thomas@mobsuccess.com,,,,,,skipped_had_vayne_email,true,Thomas,Fagot,,CEO & coFounder,https://www.linkedin.com/in/thomas-fagot-4302ab17,MOBSUCCESS,https://www.mobsuccess.com,vayne,112954,2026-07-13
subbu@revshopp.com,,,,,,skipped_had_vayne_email,true,Subbu,Balakrishnan,,Chief Technology Officer,https://www.linkedin.com/in/subbubalakrishnan,Hark,https://www.sendhark.com/,vayne,112954,2026-07-13
bhaskar@8vc.com,,,,,,skipped_had_vayne_email,true,Bhaskar,Ghosh,,Investor,https://www.linkedin.com/in/ghoshbhaskar,Titan,https://titanmsp.ai,vayne,112954,2026-07-13
paul@brandignite.co.uk,,,,,,skipped_had_vayne_email,true,Paul,Arscott cmrs,,Founder and Managing Director,https://www.linkedin.com/in/paularscott,Brand Ignite,brandignite.co.uk,vayne,112954,2026-07-13
praveena@soopra.ai,,,,,,skipped_had_vayne_email,true,Praveena,Dhanalakota,,Founder and CEO,https://www.linkedin.com/in/praveenadhanalakota,Soopra.ai,http://soopra.ai/,vayne,112954,2026-07-13
nicolai.wadstrom@bootstraplabs.com,,,,,,skipped_had_vayne_email,true,Nicolai,Wadstrom,,"Partner, Co-Head of Venture Capital and AI & Innovation Groups",https://www.linkedin.com/in/nicolaiwadstrom,Ares Management Corporation,http://www.aresmgmt.com,vayne,112954,2026-07-13
manu.kumar@hihello.me,,,,,,skipped_had_vayne_email,true,Manu,Kumar,,Founder & Chief Firestarter,https://www.linkedin.com/in/sneaker,K9 Ventures,http://www.k9ventures.com,vayne,112954,2026-07-13
blake@techsquareventures.com,,,,,,skipped_had_vayne_email,true,Blake,Patton,,Managing Partner & Founder,https://www.linkedin.com/in/blakepatton,Tech Square Ventures,http://www.techsquareventures.com,vayne,112954,2026-07-13
red@gutbrainventures.com,,,,,,skipped_had_vayne_email,true,Bob,Davoli,,Chief Executive Officer,https://www.linkedin.com/in/bobdavoli,Aliro,https://alirotech.com,vayne,112954,2026-07-13
richard.g.ling@gmail.com,,,,,,skipped_had_vayne_email,true,Richard,Ling,,Advisor,https://www.linkedin.com/in/richardgling,Palm Venture Studios,palmventurestudios.com,vayne,112954,2026-07-13
abhinav@cslenergy.com,,,,,,skipped_had_vayne_email,true,Abhinav,Jain,,Co-Founder & Managing Partner,https://www.linkedin.com/in/abhinavjain17,Titanium Innovation Investments,https://www.titaniumii.com/,vayne,112954,2026-07-13
talenttsatse@yahoo.com,,,,,,skipped_had_vayne_email,true,Talent,Tsatse,,Chief Executive Officer,https://www.linkedin.com/in/talent-tsatse-94a7491b,Relatefy,https://www.relatefy.app/,vayne,112954,2026-07-13
giladb87@gmail.com,,,,,,skipped_had_vayne_email,true,Gilad,Berenstein,,Founder,https://www.linkedin.com/in/giladberenstein,Brook Bay Capital LLC,,vayne,112954,2026-07-13
mike@kodif.ai,,,,,,skipped_had_vayne_email,true,Mike,Zayonc,,Co-Founder,https://www.linkedin.com/in/mikezayonc,Kodif,https://kodif.ai/,vayne,112954,2026-07-13
tariq@alinur.us,,,,,,skipped_had_vayne_email,true,Tariq,Alinur,,"Founder, CEO & Chief AI Officer",https://www.linkedin.com/in/tariqalinur,BrainCX,http://www.braincx.com,vayne,112954,2026-07-13
fred@cloudtechgurus.com,,,,,,skipped_had_vayne_email,true,Fred,Stacey,,Chief Executive Officer,https://www.linkedin.com/in/fredstaceyaincx,Cloud Tech Gurus,https://cloudtechgurus.com,vayne,112954,2026-07-13
cd@kodif.com,,,,,,skipped_had_vayne_email,true,Chyngyz,D.,,Founder and CEO,https://www.linkedin.com/in/cdzhuman,KODIF,https://kodif.ai/,vayne,112954,2026-07-13
papinenilaxman@gmail.com,,,,,,skipped_had_vayne_email,true,Laxman,Papineni,,Co-Founder,https://www.linkedin.com/in/laxmanpapineni,SureConnect,https://sureconnect.ai/,vayne,112954,2026-07-13
sameer.maini@collaborationroom.ai,,,,,,skipped_had_vayne_email,true,Sameer,Maini,,Chief Executive Officer/Founder,https://www.linkedin.com/in/sameermaini,Collaborationroom.AI,https://collaborationroom.ai,vayne,112954,2026-07-13
miki.rapoport@gmail.com,,,,,,skipped_had_vayne_email,true,Miki,Rapoport,,Co-Founder & CSO,https://www.linkedin.com/in/mikirapoport,Bliss Aesthetics,www.bliss.me?utm_source=linkedin&utm_campaign=profile&utm_medium=social,vayne,112954,2026-07-13
juan.jaysingh@gmail.com,,,,,,skipped_had_vayne_email,true,Juan,Jaysingh,,CEO and Board Director,https://www.linkedin.com/in/juanjaysingh,Zingtree,https://zingtree.com,vayne,112954,2026-07-13
abhi426@gmail.com,,,,,,skipped_had_vayne_email,true,Abhinav,Chugh,,CEO & Co-founder,https://www.linkedin.com/in/abhinavchugh,Peoplebox.ai,https://www.peoplebox.ai,vayne,112954,2026-07-13
ania@keylimeinteractive.com,,,,,,skipped_had_vayne_email,true,Ania,Rodriguez,,Chief Executive Officer and Founder,https://www.linkedin.com/in/aniah,JourneyTrack,https://www.journeytrack.io/,vayne,112954,2026-07-13
lauren@leapconsultingsolutions.com,,,,,,skipped_had_vayne_email,true,Lauren b.,Jones,,Founder,https://www.linkedin.com/in/goatleader,Real Girls Roadmap to Mastering AI & The Real AI Agency,,vayne,112954,2026-07-13
dkhil.mazen@gmail.com,,,,,,skipped_had_vayne_email,true,Mazen,D.,,CTO & Founder | Digital Factory,https://www.linkedin.com/in/mazendk,GettingApp,http://www.gettingapp.io,vayne,112954,2026-07-13
fran@sendhark.com,,,,,,skipped_had_vayne_email,true,Fran,Brzyski,,Co-Founder/CEO,https://www.linkedin.com/in/fbrzyski,Hark,https://www.sendhark.com/,vayne,112954,2026-07-13
akashb@storylane.io,,,,,,skipped_had_vayne_email,true,Akash,Bansal,,Co-Founder,https://www.linkedin.com/in/akashbansal,Storylane,https://storylane.io,vayne,112954,2026-07-13
nalin@storylane.io,,,,,,skipped_had_vayne_email,true,Nalin,Senthamil,,Founder & CEO,https://www.linkedin.com/in/nalinpradeep,Storylane,https://storylane.io,vayne,112954,2026-07-13
cpadnos@illuminate.com,,,,,,skipped_had_vayne_email,true,Cindy,Padnos,,Founder & Managing Partner,https://www.linkedin.com/in/cindypadnos,Illuminate Ventures,http://www.illuminate.com,vayne,112954,2026-07-13
emily@powerhouse.fund,,,,,,skipped_had_vayne_email,true,Emily,Kirsch,,Founder and CEO - Powerhouse Innovation,https://www.linkedin.com/in/kirschemily,Powerhouse,https://powerhouse-innovation.co/,vayne,112954,2026-07-13
kenneth@alleycorp.com,,,,,,skipped_had_vayne_email,true,Kenneth,Auchenberg 🛠,,Partner,https://www.linkedin.com/in/auchenberg,Innovation Endeavors,http://www.InnovationEndeavors.com,vayne,112954,2026-07-13
althompson707@gmail.com,,,,,,skipped_had_vayne_email,true,Albert,Thompson,,Chief Executive Officer,https://www.linkedin.com/in/albert-thompson-518a99116,ID Privacy AI,https://www.idprivacy.ai,vayne,112954,2026-07-13
paulisick@headstorm.com,,,,,,skipped_had_vayne_email,true,Adam,Paulisick,,Chief Executive Officer,https://www.linkedin.com/in/paulisick,Skilly,https://www.SkillyAI.com,vayne,112954,2026-07-13
peter_jeavonsuk@hotmail.co.uk,,,,,,skipped_had_vayne_email,true,Peter,Jeavons,,"SVP/GM, EMEA & APAC",https://www.linkedin.com/in/peter-jeavons-1a61154,"First Insight, Inc.",https://www.firstinsight.com/,vayne,112954,2026-07-13
john@poplarventures.com,,,,,,skipped_had_vayne_email,true,John,Willmoth,,Founder and Managing Partner,https://www.linkedin.com/in/john-willmoth-91a7195,"Poplar Ventures, LLC",,vayne,112954,2026-07-13
atif.kureishy@gmail.com,,,,,,skipped_had_vayne_email,true,Atif,Kureishy,,Founder | Chief Executive Officer,https://www.linkedin.com/in/atifkureishy,Vistry,http://www.vistry.ai,vayne,112954,2026-07-13
diegos@bespoken.ai,,,,,,skipped_had_vayne_email,true,Diego,Sandoval,,Head of Business Development,https://www.linkedin.com/in/dsandoval1,Bespoken AI,https://bespoken.ai,vayne,112954,2026-07-13
nlaidlaw@voicify.com,,,,,,skipped_had_vayne_email,true,Nick,Laidlaw,,Chief Technology Officer,https://www.linkedin.com/in/nick-laidlaw-1720331,Voicify,http://www.voicify.com,vayne,112954,2026-07-13
dust@botcopy.com,,,,,,skipped_had_vayne_email,true,Dustin,Dye,,CEO - Co-Founder,https://www.linkedin.com/in/dustin-dye-aa03593a,BOTCOPY,https://botcopy.com,vayne,112954,2026-07-13
brian@vitalstage.com,,,,,,skipped_had_vayne_email,true,Brian,Shin,,Managing Partner,https://www.linkedin.com/in/bshin,VitalStage Ventures,http://vitalstage.com,vayne,112954,2026-07-13
mguozhen@gmail.com,,,,,,skipped_had_vayne_email,true,Hunter,Guo,,Co-Founder,https://www.linkedin.com/in/hunter-guo-84530027,Solvea,https://solvea.cx/,vayne,112954,2026-07-13
sriraman.sabesan@gmail.com,,,,,,skipped_had_vayne_email,true,Sri,Sabesan,,Chief Executive Officer,https://www.linkedin.com/in/srisabesan,Ephanti Inc,www.ephanti.com,vayne,112954,2026-07-13
ericanthonylopez96@gmail.com,,,,,,skipped_had_vayne_email,true,Eric anthony,López,,Head of GTM,https://www.linkedin.com/in/ericanthonylopez1,Duckie (YC W24),https://duckie.ai/,vayne,112954,2026-07-13
javier@lightit.io,,,,,,skipped_had_vayne_email,true,Javier,Lempert,,CTO & Co-Founder,https://www.linkedin.com/in/javier-lempert,Light-it,https://lightit.io/?utm_source=linkedin&utm_medium=bio,vayne,112954,2026-07-13
marty@getprodigy.com,,,,,,skipped_had_vayne_email,true,Marty,Hu,,Founder and Chairman,https://www.linkedin.com/in/martyhu,AutoTrainer,autotrainer.com,vayne,112954,2026-07-13
xuchen@seasalt.ai,,,,,,skipped_had_vayne_email,true,Xuchen,Yao,,Co-Founder/CEO,https://www.linkedin.com/in/xuchenyao,Seasalt.ai,http://www.seasalt.ai,vayne,112954,2026-07-13
mat@saima.ai,,,,,,skipped_had_vayne_email,true,Mat,Sharafyan,,CEO & Co-Founder,https://www.linkedin.com/in/mnatsakansharafyan,Hecttor,http://hecttor.ai,vayne,112954,2026-07-13
balageeg@gmail.com,,,,,,skipped_had_vayne_email,true,Balagee,G.,,Founder,https://www.linkedin.com/in/balageegovindan,Venture With AI,,vayne,112954,2026-07-13
jack.wagner@hvconsultinggroup.com,,,,,,skipped_had_vayne_email,true,Jack,Wagner,,Founder- Executive Advisor,https://www.linkedin.com/in/jackwagner54,Hawk Ventures,http://www.hvconsultinggroup.com,vayne,112954,2026-07-13
varun@enterpret.com,,,,,,skipped_had_vayne_email,true,Varun,Sharma,,Co-Founder & CEO,https://www.linkedin.com/in/vsharma11,Enterpret,https://www.enterpret.com,vayne,112954,2026-07-13
anoosh@aloware.com,,,,,,skipped_had_vayne_email,true,Anoosh,Roozrock,,Founder & CEO,https://www.linkedin.com/in/anooshr,Aloware,https://www.aloware.com,vayne,112954,2026-07-13
ulric@vauban.io,,,,,,skipped_had_vayne_email,true,Ulric,Musset,,Founder,https://www.linkedin.com/in/ulricmusset,Marblism,https://marblism.com,vayne,112954,2026-07-13
m.s.gharabat@gmail.com,,,,,,skipped_had_vayne_email,true,Mohammad,Gharbat,,Founder,https://www.linkedin.com/in/gharabat,Open,https://open.cx,vayne,112954,2026-07-13
dinesh.goel@robylon.ai,,,,,,skipped_had_vayne_email,true,Dinesh,Goel,,Co-Founder & CEO,https://www.linkedin.com/in/dinesh-goel-496b3335,Robylon AI,https://www.robylon.ai,vayne,112954,2026-07-13
ashish@sigmamind.ai,,,,,,skipped_had_vayne_email,true,Ashish,Agarwal,,Co-Founder,https://www.linkedin.com/in/agarwalashish101,SigmaMind AI (YC S22),https://sigmamind.ai/,vayne,112954,2026-07-13
sunil@ubiquity.vc,,,,,,skipped_had_vayne_email,true,Sunil,Nagaraj,,Managing Partner / Founder,https://www.linkedin.com/in/nagarajs,Ubiquity Ventures,https://www.ubiquity.vc,vayne,112954,2026-07-13
jay@staffingengine.ai,,,,,,skipped_had_vayne_email,true,Jay,Cutler,,Senior Solutions Consultant,https://www.linkedin.com/in/cutlerj,Gainsight,https://www.gainsight.com,vayne,112954,2026-07-13
bradleymetrock@gmail.com,,,,,,skipped_had_vayne_email,true,Bradley,Metrock,,General Partner,https://www.linkedin.com/in/bradleymetrock,Project Voice Capital Partners,https://venture.angellist.com/v/back/project-voice-capital-partners-rolling-fund,vayne,112954,2026-07-13
rtran@alum.mit.edu,,,,,,skipped_had_vayne_email,true,Robert,Tran,,"Co-Founder, CTO",https://www.linkedin.com/in/robert-tran-profile,Inkeep,https://go.inkeep.com/INK-LN-PROF,vayne,112954,2026-07-13
joel@duckie.ai,,,,,,skipped_had_vayne_email,true,Joel,Ritossa,,Founder & CTO,https://www.linkedin.com/in/joel-ritossa,Duckie,https://duckie.ai/,vayne,112954,2026-07-13
niro@vanti-analytics.com,,,,,,skipped_had_vayne_email,true,Niro,O.,,"CTO, Co Founder",https://www.linkedin.com/in/nir-osiroff,Cobalt,https://www.getcobalt.ai/,vayne,112954,2026-07-13
vinay@altizon.com,,,,,,skipped_had_vayne_email,true,Vinay,Nathan,,"CEO, Co-Founder",https://www.linkedin.com/in/vinaynathan,Altizon Systems,http://www.altizon.com,vayne,112954,2026-07-13
mark@solidroad.com,,,,,,skipped_had_vayne_email,true,Mark,Hughes,,Co-Founder & CEO,https://www.linkedin.com/in/mark-hughes-a36915a7,Solidroad,https://www.solidroad.com/,vayne,112954,2026-07-13
tj@duopartners.com,,,,,,skipped_had_vayne_email,true,Tod,Johnson,,Executive Chairman,https://www.linkedin.com/in/tod-johnson-61316118,Tenetic,Tenetic.com,vayne,112954,2026-07-13
anubhav.saxena@chooch.com,,,,,,skipped_had_vayne_email,true,Anubhav,Saxena,,Chief Executive Officer and Board Member,https://www.linkedin.com/in/saxena-anubhav,Chooch,https://www.chooch.com,vayne,112954,2026-07-13
jaimelopezfeo@gmail.com,,,,,,skipped_had_vayne_email,true,Jaime,Lopez feo,,Chief Executive Officer,https://www.linkedin.com/in/jaime-lopez-feo,The Agile Monkeys,https://theagilemonkeys.com,vayne,112954,2026-07-13
williamnettles@gmail.com,,,,,,skipped_had_vayne_email,true,William,Nettles,,Co-Founder & Managing Partner,https://www.linkedin.com/in/williamnettles,Invictus Growth Partners,http://www.invictusgrowth.com,vayne,112954,2026-07-13
manju@pluto7.com,,,,,,skipped_had_vayne_email,true,Manju,Devadas,,Founder & CEO - Planning in a Box Pi Agent - AI Platform for Supply Chain and Manufacturing on GCP,https://www.linkedin.com/in/manjudevadas,Pluto7,https://pluto7.com/,vayne,112954,2026-07-13
daniel.hellerman@saleo.io,,,,,,skipped_had_vayne_email,true,Daniel,Hellerman,,Co-Founder and CPO,https://www.linkedin.com/in/danielhellerman,Saleo,https://saleo.io,vayne,112954,2026-07-13
atvm27@gmail.com,,,,,,skipped_had_vayne_email,true,Matthew,Ring,,Co-Founder/Head of Product,https://www.linkedin.com/in/matthewjring,Hark,https://www.sendhark.com/,vayne,112954,2026-07-13
michael.jhwoo@gmail.com,,,,,,skipped_had_vayne_email,true,Michael,Woo,,CEO & Co-founder,https://www.linkedin.com/in/michaeljwoo,Applied Labs,https://appliedlabs.ai/,vayne,112954,2026-07-13
jon.pastor@blockspan.com,,,,,,skipped_had_vayne_email,true,Jon,Pastor,,Co-Founder and CTO,https://www.linkedin.com/in/jpastor,skilly,https://www.SkillyAI.com,vayne,112954,2026-07-13
nevinskiy@i2bf.com,,,,,,skipped_had_vayne_email,true,Alexander,Nevinskiy,,Partner,https://www.linkedin.com/in/alexander-nevinskiy-32809123,Somersault Ventures,https://somersault.vc/,vayne,112954,2026-07-13
lorne@bettercallcenterqa.com,,,,,,skipped_had_vayne_email,true,Lorne,Wood,,Contact Center Technology Consultant,https://www.linkedin.com/in/lornewood,Cloud Tech Gurus,https://cloudtechgurus.com,vayne,112954,2026-07-13
nathan@vai-consulting.com,,,,,,skipped_had_vayne_email,true,Nathan,Bell,,Co-Founder / Managing Partner,https://www.linkedin.com/in/nathan-bell-1038662,VAI Consulting,www.vai-consulting.com,vayne,112954,2026-07-13
valentin.radu@omniconvert.com,,,,,,skipped_had_vayne_email,true,Valentin,Radu,,CEO,https://www.linkedin.com/in/valentinradu,Omniconvert,https://www.omniconvert.com/,vayne,112954,2026-07-13
kaan@firstdegree.io,,,,,,skipped_had_vayne_email,true,Kaan,Anit 🫧,,Founder & General Partner,https://www.linkedin.com/in/kaananit,FirstDegree,https://www.firstdegree.io,vayne,112954,2026-07-13
jimmy7.padia@gmail.com,,,,,,skipped_had_vayne_email,true,Jimmy,Padia,,Founder & CEO,https://www.linkedin.com/in/jimmypadia,Floatbot,https://floatbot.ai,vayne,112954,2026-07-13
ram@revon.us,,,,,,skipped_had_vayne_email,true,Ram,Chella,,Founder & CEO,https://www.linkedin.com/in/ramchella,RevOn,https://www.revon.us/,vayne,112954,2026-07-13
mdo@blaze.me,,,,,,skipped_had_vayne_email,true,Manh,Do,,Chief Technology Officer,https://www.linkedin.com/in/manhdo,BLAZE,http://BLAZE.me,vayne,112954,2026-07-13
shweta.ruparel@voiceplug.ai,,,,,,skipped_had_vayne_email,true,Shweta,Ruparel,,Chief Technology Officer,https://www.linkedin.com/in/shweta-j-ruparel,VoicePlug,http://www.voiceplug.ai,vayne,112954,2026-07-13
team@brnz.ai,,,,,,skipped_had_vayne_email,true,Alex,Galert,,CEO,https://www.linkedin.com/in/brnzai,"BRNZ — build your own company, not someone else's",http://www.brnz.ai,vayne,112954,2026-07-13
ks@inten.to,,,,,,skipped_had_vayne_email,true,Konstantin,Savenkov,,co-Founder and CEO,https://www.linkedin.com/in/savenkov,Inten.to,http://inten.to,vayne,112954,2026-07-13
danilo@yobstech.com,,,,,,skipped_had_vayne_email,true,Raphael,Danilo,,GM & Sr. Director of Product,https://www.linkedin.com/in/raphael-danilo,Gong,http://www.gong.io,vayne,112954,2026-07-13
dev.smacdonald@gmail.com,,,,,,skipped_had_vayne_email,true,Devon,Macdonald,,Chief Revenue Officer,https://www.linkedin.com/in/devsmacdonald,Revmo,https://www.revmo.ai,vayne,112954,2026-07-13
shahbaaz@thecannabiscollective.org,,,,,,skipped_had_vayne_email,true,Shahbaaz,Kara-virani,,"Vice President, Growth",https://www.linkedin.com/in/skv4,BLAZE®,http://BLAZE.me,vayne,112954,2026-07-13
ramendra.shukla.2012@gmail.com,,,,,,skipped_had_vayne_email,true,Ramendra,Shukla,,Founder and CEO,https://www.linkedin.com/in/ramendrashukla,Exponentia.ai,http://www.exponentia.ai/,vayne,112954,2026-07-13
efehler@directiveconsulting.com,,,,,,skipped_had_vayne_email,true,Evan,Fehler,,VP of Marketing,https://www.linkedin.com/in/evanfehler,Balto,https://balto.ai,vayne,112954,2026-07-13
ryan@revmo.ai,,,,,,skipped_had_vayne_email,true,Ryan,Louis,,Chief Executive Officer,https://www.linkedin.com/in/ryan-m-louis,Revmo,https://www.revmo.ai,vayne,112954,2026-07-13
ginresnick@gmail.com,,,,,,skipped_had_vayne_email,true,Gini,Resnick,,"Co-Founder, Chief of Staff",https://www.linkedin.com/in/giniresnick,IDPrivacy AI,https://www.idprivacy.ai,vayne,112954,2026-07-13
emmalyn@flourishventures.com,,,,,,skipped_had_vayne_email,true,Emmalyn,Shaw,,Co-Founder & Managing Partner,https://www.linkedin.com/in/emmalyn-shaw-a7a1418,Flourish Ventures,https://flourishventures.com/,vayne,112954,2026-07-13
ich@mariusobiegala.de,,,,,,skipped_had_vayne_email,true,Marius,Obiegala,,Founding Partner,https://www.linkedin.com/in/marius-obiegala,Combination VC,,vayne,112954,2026-07-13
catherine.a.flax@gmail.com,,,,,,skipped_had_vayne_email,true,Catherine,Flax,,Chief Executive Officer,https://www.linkedin.com/in/catherineflax,Zefiro Methane Corp.,zefiromethane.com,vayne,112954,2026-07-13
rich@finmilecargo.com,,,,,,skipped_had_vayne_email,true,Rich,Pleeth,,Co-Founder & CEO,https://www.linkedin.com/in/richpleeth,Finmile,https://www.finmile.co,vayne,112954,2026-07-13
Jschlimmer@efizbo.com,,,,,,skipped_had_vayne_email,true,James p.,Schlimmer,,Founder & CEO,https://www.linkedin.com/in/james-p-schlimmer,KFE Real Tech.,https://www.KFERealTech.com,vayne,112954,2026-07-13
heather.shoemaker@languageio.com,,,,,,skipped_had_vayne_email,true,Heather,Shoemaker,,CEO,https://www.linkedin.com/in/heathermorganshoemaker,Language I/O,http://www.languageio.com,vayne,112954,2026-07-13
hobratschk@gmail.com,,,,,,skipped_had_vayne_email,true,Martin,Hobratschk,,Principal and Founder,https://www.linkedin.com/in/hobratschk,Cognita Knowledge Management LLC,www.cognita-km.com,vayne,112954,2026-07-13
seebillwilliams@gmail.com,,,,,,skipped_had_vayne_email,true,Cecil,Williams,,Advisory Board Member,https://www.linkedin.com/in/cecil-williams-743a1011b,CallBotics,https://www.orvera.ai/,vayne,112954,2026-07-13
pchequer@ethos8.com,,,,,,skipped_had_vayne_email,true,Petra,Chequer,,Managing Partner + Founder,https://www.linkedin.com/in/petra-chequer,Ethos8X,https://ethos8x.com/,vayne,112954,2026-07-13
briannabaker@alumni.unc.edu,,,,,,skipped_had_vayne_email,true,Brianna,"A. baker, ph.d",,Assistant Professor,https://www.linkedin.com/in/briannaabaker,CUNY School of Medicine,http://medicine.cuny.edu,vayne,112954,2026-07-13
garima.agrawal@asu.edu,,,,,,skipped_had_vayne_email,true,Garima,Agrawal,,Generative AI Senior Architect,https://www.linkedin.com/in/garima-agrawal-81616022,Cognizant,https://www.cognizant.ai,vayne,112954,2026-07-13
romney@shoptrue.com,,,,,,skipped_had_vayne_email,true,Romney,Evans,,Co-founder and Chief Marketing Officer,https://www.linkedin.com/in/romneyevans,True Fit,https://www.truefit.com,vayne,112954,2026-07-13
nick.yebra@bytedance.com,,,,,,skipped_had_vayne_email,true,Nicholas,Yebra,,"Go-To-Market, AI Agents",https://www.linkedin.com/in/nicholas-yebra,REGAL,https://www.regal.ai,vayne,112954,2026-07-13
thaysastarling@gmail.com,,,,,,skipped_had_vayne_email,true,Thaysa,Starling,,Founder | Fractional CX & AI VP for scale up companies,https://www.linkedin.com/in/thaysa-starling,DEX,,vayne,112954,2026-07-13
rajeev.veettil@rybbon.net,,,,,,skipped_had_vayne_email,true,Rajeev,Veettil,,CTO & Cofounder,https://www.linkedin.com/in/rveettil,Klarion,https://www.klarion.ai,vayne,112954,2026-07-13
josh.gaona@outlook.com,,,,,,skipped_had_vayne_email,true,Josh,Gaona,,GTM Operator,https://www.linkedin.com/in/joshgaona,Glencoco,https://glencoco.com,vayne,112954,2026-07-13
joaquim@supersonik.ai,,,,,,skipped_had_vayne_email,true,Joaquim,Lecha,,Chief Revenue Officer (CRO) - Interim,https://www.linkedin.com/in/joaquim-lecha-040136,Natterbox,https://www.natterbox.com/,vayne,112954,2026-07-13
derek.usher@klere.uk,,,,,,skipped_had_vayne_email,true,Derek,Usher,,Co-Founder and COO,https://www.linkedin.com/in/derek-usher-ab853255,Capra Renewables,www.caprarenewables.com,vayne,112954,2026-07-13
nareshraggarwal@gmail.com,,,,,,skipped_had_vayne_email,true,Naresh,Aggarwal,,Founder’s Office - Healthcare Solutions,https://www.linkedin.com/in/nareshraggarwal,100ms,https://www.100ms.ai/,vayne,112954,2026-07-13
srinivas@mimio.ai,,,,,,skipped_had_vayne_email,true,Srinivas,Jaini,,Chief Technology Officer,https://www.linkedin.com/in/srinivasjaini,Soopra.ai,http://soopra.ai/,vayne,112954,2026-07-13
ali.merchant@aminfoweb.com,,,,,,skipped_had_vayne_email,true,Ali,Merchant,,CEO,https://www.linkedin.com/in/ali-merchant-am,Orvera AI,https://www.orvera.ai/,vayne,112954,2026-07-13
johnny@eljefe-enterprises.com,,,,,,skipped_had_vayne_email,true,Johnny,"Tellez, cfc",,Referral Partner,https://www.linkedin.com/in/johnnytellez,Marblism,https://marblism.com,vayne,112954,2026-07-13
DonaldBBerryman@gmail.com,,,,,,skipped_had_vayne_email,true,Donald,Berryman,,Bain External Advisor,https://www.linkedin.com/in/don-berryman,Bain & Company,http://www.bain.com,vayne,112954,2026-07-13
mgarciabancroft@gmail.com,,,,,,skipped_had_vayne_email,true,Mercedes,Garcia-purinton,,"Head of Product & QA, Agentic AI",https://www.linkedin.com/in/mercedes-garcia-purinton-753b7172,ID Privacy,https://www.idprivacy.ai,vayne,112954,2026-07-13
vishwanath.jha@saarthi.ai,,,,,,skipped_had_vayne_email,true,Vishwa nath,Jha,,"Founder, CEO",https://www.linkedin.com/in/vishwanathjha1,Phynomy,https://phynomy.ai,vayne,112954,2026-07-13
chike@azumo.co,,,,,,skipped_had_vayne_email,true,Chike,Agbai,,CEO & Founder,https://www.linkedin.com/in/chike-agbai-azumo,"Azumo, LLC",https://azumo.com,vayne,112954,2026-07-13
zach@meetvirginia.io,,,,,,skipped_had_vayne_email,true,Zach,Ingoldsby,,Partner,https://www.linkedin.com/in/zachingoldsby,VAi Consulting,www.vai-consulting.com,vayne,112954,2026-07-13
steve.higgon@ontaap.com,,,,,,skipped_had_vayne_email,true,Steve,Higgon,,CEO,https://www.linkedin.com/in/stevehiggon,TAAP,http://ontaap.com,vayne,112954,2026-07-13
max@mymagenai.com,,,,,,skipped_had_vayne_email,true,Max,Lanzarotti,,General Manager France,https://www.linkedin.com/in/max-lanzarotti,Insait,https://insait.io/,vayne,112954,2026-07-13
liam@klearcom.com,,,,,,skipped_had_vayne_email,true,Liam,Dunne,,Co Founder & CEO,https://www.linkedin.com/in/dunneliam,Klearcom,http://www.klearcom.com,vayne,112954,2026-07-13
ramu@botsplash.com,,,,,,skipped_had_vayne_email,true,Ramu,Pulipati,,CTO,https://www.linkedin.com/in/pulipati,Botsplash,https://www.botsplash.com,vayne,112954,2026-07-13
gunayrasulov@gmail.com,,,,,,skipped_had_vayne_email,true,Gunay,Rasulova,,Marketing Executive,https://www.linkedin.com/in/gunay-rasulova-54999810a,Whelp,https://whelp.co/,vayne,112954,2026-07-13
forethoughtunlimitedllc@gmail.com,,,,,,skipped_had_vayne_email,true,Taurus,Britt,,Chief Executive Officer,https://www.linkedin.com/in/taurus-britt-a93720301,Forethought Unlimited LLC.,,vayne,112954,2026-07-13
vinci@nofrills.ai,,,,,,skipped_had_vayne_email,true,Vinci,Mathews,,Co-Founder,https://www.linkedin.com/in/vinci-mathews,Agentbaba.ai,https://agentbaba.ai/,vayne,112954,2026-07-13
avivgoren@yahoo.com,,,,,,skipped_had_vayne_email,true,Aviv,Goren,,Chief Executive Officer,https://www.linkedin.com/in/aviv-goren-5ba3b6,Roojoom,www.roojoom.com,vayne,112954,2026-07-13
chase.feiger@ostrohealth.com,,,,,,skipped_had_vayne_email,true,Chase,"Feiger, m.d.",,"CEO, Ostro",https://www.linkedin.com/in/chasefeiger,Veeva Systems,http://www.veeva.com,vayne,112954,2026-07-13
wahaj.ahmed@retailo.co,,,,,,skipped_had_vayne_email,true,Wahaj,Ahmed,,Founding GTM Partner,https://www.linkedin.com/in/ahmedwahaj,Open (YC W24),https://open.cx,vayne,112954,2026-07-13
kimhuynh20042901@gmail.com,,,,,,skipped_had_vayne_email,true,Kim,Huynh,,Co-Founder,https://www.linkedin.com/in/kim-huynh-a812b5315,GetRedditor.com | Rank #1 on Google/ChatGPT with Reddit,https://www.getredditor.com/,vayne,112954,2026-07-13
madeline@clariticx.com,,,,,,skipped_had_vayne_email,true,Madeline,Foster,,Senior Account Manager,https://www.linkedin.com/in/madeline-foster-bb1735211,Palomarr,www.palomarr.com,vayne,112954,2026-07-13
hamza.israr@gmail.com,,,,,,skipped_had_vayne_email,true,Hamza,Israr,,CEO & Founder,https://www.linkedin.com/in/hamzaisrar,NexaVoxa AI,https://nexavoxa.com,vayne,112954,2026-07-13
dmytropostolov@gmail.com,,,,,,skipped_had_vayne_email,true,Dimitri,Postolov,,Software Engineer,https://www.linkedin.com/in/postolov,Inkeep,https://go.inkeep.com/INK-LN-PROF,vayne,112954,2026-07-13
tanmaya@infeedo.com,,,,,,skipped_had_vayne_email,true,Tanmaya,Jain,,Investor,https://www.linkedin.com/in/tanmayajain,Plum,https://www.plumhq.com,vayne,112954,2026-07-13
amylrouyer@gmail.com,,,,,,skipped_had_vayne_email,true,Amy,Rouyer,,"Vice President, Marketing, Communications & Investor Relations",https://www.linkedin.com/in/amyrouyer,"BEN - Brand Engagement Network, Inc.",https://brandengagementnetwork.com/,vayne,112954,2026-07-13
guy@revuze.it,,,,,,skipped_had_vayne_email,true,Guy,Yair,,Chief Executive Officer,https://www.linkedin.com/in/guy-yair,Revuze,http://www.revuze.it,vayne,112954,2026-07-13
felix.w.schmitt@gmail.com,,,,,,skipped_had_vayne_email,true,Felix,W. schmitt,,Founder,https://www.linkedin.com/in/felix-schmitt,The Operator-Angel Collective,http://www.to-ac.com,vayne,112954,2026-07-13
kulkarni_atul@hotmail.com,,,,,,skipped_had_vayne_email,true,Atul,Kulkarni,,Co-Founder & Director,https://www.linkedin.com/in/atul-kulkarni-9a69143,SM6Tech Systems,https://sm6tech.com/,vayne,112954,2026-07-13
Rajesh.Goyal@digitalsherpa.ai,,,,,,skipped_had_vayne_email,true,Rajesh,Goyal,,Founder & CEO,https://www.linkedin.com/in/rajeshgoyal2008,DigitalSherpa.AI,https://www.digitalsherpa.ai,vayne,112954,2026-07-13
me@sockeye.io,,,,,,skipped_had_vayne_email,true,Alexandra,Zelenin,,Co-Founder & CEO,https://www.linkedin.com/in/sockeye,Conformal Group Inc.,https://conformal.group,vayne,112954,2026-07-13
mchristensen@xelex.ai,,,,,,skipped_had_vayne_email,true,Mark,Christensen,,Co-Founder & Program Manager,https://www.linkedin.com/in/mark-christensen-85795728,Xelex AI,http://www.xelex.ai,vayne,112954,2026-07-13
ditamtvrs@gmail.com,,,,,,skipped_had_vayne_email,true,Dita maria,Tavares de jesus,,Founder & Creative Art Director,https://www.linkedin.com/in/ditamtvrs,dt@experience co.,,vayne,112954,2026-07-13
devpieron@gmail.com,,,,,,skipped_had_vayne_email,true,Alexey,Svetliakov,,Co-Founder & Lead Engineer,https://www.linkedin.com/in/alexey-svetliakov-36566314a,Saleo,https://saleo.io,vayne,112954,2026-07-13
manojksinsinwar@gmail.com,,,,,,skipped_had_vayne_email,true,Manoj,Sinsinwar,,Co-Founder & CRO,https://www.linkedin.com/in/manoj-sinsinwar-85031347,Hecttor,http://hecttor.ai,vayne,112954,2026-07-13
matthew.talbot@mac.com,,,,,,skipped_had_vayne_email,true,Matthew,Talbot,,Co-Chief Executive Officer,https://www.linkedin.com/in/matthewtalbot1,Complexio,https://complexio.com,vayne,112954,2026-07-13
rob.wright@learnwithbright.com,,,,,,skipped_had_vayne_email,true,Robert,Wright,,Chief Product Officer,https://www.linkedin.com/in/robertthomaswrightjr,Zenarate,http://zenarate.com,vayne,112954,2026-07-13
palashjain@infeedo.com,,,,,,skipped_had_vayne_email,true,Palash,Jain,,Co-Founder CCO,https://www.linkedin.com/in/palashjainmca,inFeedo,https://www.infeedo.ai,vayne,112954,2026-07-13
ghinwa@eim.ae,,,,,,skipped_had_vayne_email,true,Ghinwa,Baradhi,,Chief Operating Officer,https://www.linkedin.com/in/ghinwa-baradhi-9881355,Commercial Bank,https://shor.by/CBQ,vayne,112954,2026-07-13
jp.reddy@speechicon.ai,,,,,,skipped_had_vayne_email,true,Jp,Reddy,,Founder & Chairman,https://www.linkedin.com/in/jpreddy,Speechicon,https://speechicon.ai,vayne,112954,2026-07-13
dan.cotet@gmail.com,,,,,,skipped_had_vayne_email,true,Dan,Cotet,,Chief Product Officer,https://www.linkedin.com/in/dan-cotet-0538a827,ZeroBounce,https://www.zerobounce.net,vayne,112954,2026-07-13
cloud3stack@gmail.com,,,,,,skipped_had_vayne_email,true,Khuram,Haseeb,,Founder,https://www.linkedin.com/in/khuram-haseeb1150,Cloud3Stack Agency,https://cloud3stack.com/,vayne,112954,2026-07-13
sandrastuttaford@gmail.com,,,,,,skipped_had_vayne_email,true,Sandra,Stuttaford,,Corporate Business English Teacher with Stuttaford Academy,https://www.linkedin.com/in/sandra-stuttaford,SOUTHCAP sgoic,http://www.south.com.pt,vayne,112954,2026-07-13
saul@pangea.sh,,,,,,skipped_had_vayne_email,true,Saul,Brauns,,Co-Founder,https://www.linkedin.com/in/saulbrauns,Stealth AI Startup,,vayne,112954,2026-07-13
malik.sarfraz@gmail.com,,,,,,skipped_had_vayne_email,true,Muhammad,Sarfraz,,Co-Founder & CTO,https://www.linkedin.com/in/mosarfraz,"Datalyticx - Basket, inc.",https://www.datalyticx.ai,vayne,112954,2026-07-13
orit_yaron@hotmail.com,,,,,,skipped_had_vayne_email,true,Orit,Yaron,,VP of Engineering,https://www.linkedin.com/in/orit-yaron,Attribute,https://attrb.io,vayne,112954,2026-07-13
atiqu555@gmail.com,,,,,,skipped_had_vayne_email,true,Atiq,Ur rehman,,Software Engineer,https://www.linkedin.com/in/atiq-ur-rehman-692559176,Veyn AI,https://veyn.ai,vayne,112954,2026-07-13